LAT,LONG,SP_GROUP,AGE,P0,BA,D,H,N,YEAR,FOREST_TYPE,VOLUME
59.9,23.5,1,47,1342.9325,17.99862209,20.04079907,14.2499834,570.5836323,2010,4,126.9614701
60,23.4,2,37,1342.9325,41.33980848,19.64427768,15.07743372,1363.975125,2010,1,301.0881431
60.1,23.6,1,34,1313.6175,33.95560011,18.90811564,13.5062009,1209.274875,2010,2,229.0502734
60.2,24.5,1,112,1277.6475,15,26.025,15.9392611,281.9810357,2010,7,115.1621211
60.2,23,2,60,1294.6725,36.23864383,24.82837736,18.76818323,748.4889275,2010,3,319.1195444
60.3,23.9,1,23,1315.755,14.20767968,9.402784746,7.38082014,2046.069057,2010,3,59.13551523
60.3,25.2,1,105,1289.42,40.7501851,17.96640221,12.90392426,1607.375959,2010,3,264.6744561
60.3,25.4,2,52,1301.9675,42.50334543,19.94518263,15.30090094,1360.370478,2010,3,313.6104315
60.3,23.2,1,45,1260.6475,26.76494312,21.66449099,15.35298271,726.0716235,2010,2,200.9812298
60.4,23.4,1,128,1233.365,37.14124328,25.80962136,18.27441667,709.9099926,2010,3,323.1026334
60.4,23.6,1,83,1233.365,15.06984448,21.7379331,15.38153075,406.0526914,2010,7,113.3288073
60.4,24.5,1,63,1242.0075,36.69575795,13.67959108,10.12500321,2496.776973,2010,4,195.4325712
60.4,26.2,1,36,1340.21,34.66082075,11.93000218,8.998929275,3100.758298,2010,3,168.0386978
60.4,22.7,1,70,1284.535,27.35054153,26.70479047,18.82460563,488.3123391,2010,3,243.9004112
60.5,23.6,4,18,1218.0825,3.531622865,11.29512621,10.01705155,352.4538532,2010,3,16.92286516
60.5,24,4,53,1217.58,19.74443603,19.41230454,15.48712508,667.1149301,2010,4,138.6859403
60.5,24.5,1,193,1198.7425,13,25.88571429,15.2282302,247.0205954,2010,7,95.82477639
60.5,24.7,2,67,1206.5025,37.3234857,26.53542045,20.00878725,674.9014611,2010,2,347.3286284
60.5,21.4,1,101,1405.395,17.03379895,20.45780656,14.43714815,518.2072683,2010,5,121.431768
60.5,25.4,2,59,1234.37,26.8546606,20.73938638,15.83190615,794.946646,2010,2,203.9983929
60.5,25.8,2,67,1244.5525,33.93178328,32.31883696,24.35282013,413.6236434,2010,2,373.5964302
60.5,27.5,1,40,1294.7075,30.36245992,9.839416043,7.694193852,3993.083799,2010,4,130.4098799
60.5,25.4,1,73,1234.37,36.02649514,15.90715963,11.55943396,1812.787315,2010,4,213.6873502
60.6,24.7,2,57,1206.5025,39.07252065,25.12513954,18.979952,788.0696154,2010,2,347.4092599
60.6,24.5,1,59,1198.7425,33.13446611,25.05131449,17.8915,672.2472864,2010,3,283.2931508
60.6,24.9,2,49,1198.6675,31.83039617,18.58388828,14.33312255,1173.488913,2010,2,221.8596577
60.6,25.1,2,50,1202.7175,34.00468809,18.4178433,14.22734836,1276.354656,2010,3,235.5428074
60.6,25.2,2,49,1202.7175,17.68686384,21.12438342,16.09447135,504.6530102,2010,3,136.2659906
60.6,25.6,1,22,1218.7575,22.06240606,18.65250404,13.34504137,807.3999288,2010,4,147.3484658
60.6,25.6,1,44,1218.7575,21.08361909,22.09340324,15.63473192,549.9586555,2010,2,160.751936
60.6,26.2,1,31,1247.91,28.92402349,15.17601208,11.05303831,1599.018531,2010,2,165.3684601
60.6,26.9,1,19,1247.29,5.197510351,7.576707849,6.246473343,1152.774599,2010,2,19.16400021
60.6,27.3,1,34,1260.265,35.27412362,13.01931282,9.693024444,2649.660474,2010,3,181.3985923
60.6,22.1,1,35,1296.165,35.56029745,15.70623283,11.41893701,1835.403017,2010,4,208.81116
60.7,22.7,1,89,1235.435,27.24896941,24.20599624,17.09276664,592.1261986,2010,4,223.9750289
60.7,22.9,1,39,1225.6325,17.44556624,16.64845268,12.02393911,801.396491,2010,5,106.8754941
60.7,23.6,1,40,1189.9075,8.259646333,11.48178111,8.681496468,797.7247093,2010,7,38.9267056
60.7,23.4,2,54,1202.7225,43.65404559,19.90777845,15.494,1402.455269,2010,2,326.9301389
60.7,24,1,63,1173.5525,38.12583069,15.00509447,10.97965371,2156.01593,2010,4,216.826738
60.7,24,1,50,1173.5525,40.3468714,17.60356664,12.67094252,1657.748506,2010,4,258.1320054
60.7,24.9,1,54,1198.6675,21.36095686,19.41719616,13.84562187,721.3695157,2010,4,147.1055105
60.7,24.9,1,37,1198.6675,7.290828836,8.235468126,6.688979519,1368.706847,2010,5,28.22858363
60.7,25.1,1,44,1202.7175,8.390609865,12.33798454,9.230304558,701.802973,2010,6,41.49836914
60.7,26.4,1,53,1237.6275,27.89769352,22.48965598,15.98206667,702.2840307,2010,3,216.7388408
60.7,27.1,1,36,1255.255,42.29427168,19.65546288,14.02872716,1393.879137,2010,3,294.5058137
60.7,27.8,2,83,1245.38,40.51260241,18.26099997,14.12650851,1546.860498,2010,3,278.9426991
60.7,28,1,43,1250.855,28.90056529,21.68144458,15.37570567,782.7805508,2010,4,217.297046
60.7,27.3,2,70,1234.465,33.64600746,17.90246935,13.87340272,1336.650232,2010,3,228.0505845
60.7,27.3,4,56,1234.465,38.88316145,30.45451933,23.62511111,533.7872409,2010,1,394.5754672
60.7,21.8,1,35,1328.57,19.31556551,10.04445961,7.792075137,2437.610952,2010,4,83.75471251
60.8,22.7,2,58,1225.5025,24.41668723,24.01565841,18.16601223,539.023703,2010,3,208.9784114
60.8,23.8,1,50,1168.0725,24.84918389,26.46955879,18.68628571,451.5739119,2010,3,220.2395915
60.8,21.4,1,96,1374.8775,28.04169154,26.33034366,18.53426049,514.9929354,2010,3,246.7721712
60.8,24.7,2,134,1183.68,51.44176309,30.93150248,23.82119048,684.5795656,2010,2,560.2382982
60.8,21.4,1,44,1374.8775,24.09817679,15.70876603,11.39646969,1243.397993,2010,4,141.2648426
60.8,25.6,1,25,1184.5575,28.33174824,11.44111825,8.687097089,2755.792689,2010,3,133.6048097
60.8,25.8,2,101,1191.175,26.99495137,32.76103956,24.66828877,320.2412851,2010,3,300.3722574
60.8,26.9,1,29,1225.3275,37.20022673,17.01296996,12.27513992,1636.422473,2010,3,231.8278802
60.8,27.3,1,49,1234.465,31.65877728,23.97472785,16.94405711,701.2887696,2010,3,258.3211507
60.8,27.5,1,52,1238.7525,19.37264504,19.72189082,14.04509041,634.1645178,2010,3,135.0137502
60.8,27.8,1,26,1224.97,21.33175348,12.07431997,9.071741718,1862.99339,2010,3,104.0708913
60.8,21.6,1,60,1333.19,32.82165317,18.63251788,13.34294596,1203.725545,2010,4,219.1869483
60.8,21.6,1,76,1333.19,40.6965308,25.14101489,18.55813636,819.7886423,2010,3,359.7149279
60.8,21.8,1,20,1309.6825,3.745798375,16.28561494,11.71664722,179.8233945,2010,4,22.45821773
60.8,27.1,1,31,1228.98,28.50106265,15.70613568,11.40903713,1471.067097,2010,4,167.2343128
60.8,27.3,1,48,1234.465,26.44449699,20.30197599,14.44044503,816.899837,2010,4,188.6330893
60.8,27.8,1,25,1224.97,6.173231118,14.36926297,10.49884211,380.674398,2010,3,33.84550512
60.8,21.8,1,117,1309.6825,20.02401966,31.67729352,22.30580668,254.0769364,2010,4,206.0730276
60.9,22,1,63,1271.285,11.36846846,17.26318567,12.4196593,485.702341,2010,5,71.53035985
60.9,22.5,1,136,1236.3825,16.51442444,28.53364169,20.05017404,258.2611938,2010,4,155.2991954
60.9,24,2,20,1160.785,10.4634978,20.4991642,15.6384778,317.0404661,2010,2,78.60681442
60.9,24.2,1,108,1164.0075,8.875450368,25.2790907,17.77144502,176.8388257,2010,4,75.37167941
60.9,24.5,1,28,1169.5075,28.13316822,15.6172135,11.34113552,1468.661352,2010,2,164.264929
60.9,24.7,1,76,1170.31,36.1613066,30.94602147,21.856,480.7780014,2010,3,365.9026802
60.9,25.1,1,41,1173.395,34.24617124,20.33974404,14.47915594,1053.977102,2010,3,244.8443092
60.9,21.6,2,63,1314.985,34.81950829,21.45646558,16.3547785,962.9780413,2010,3,272.1467368
60.9,27.6,1,23,1202.34,14.35379467,23.813095,13.16288889,322.2887597,2010,3,93.45534292
60.9,27.6,1,62,1202.34,20.1995211,20.23044059,14.40271091,628.4062699,2010,5,143.7770374
60.9,28.5,2,94,1220.5575,25.84829352,29.74808692,22.37453568,371.8980592,2010,3,264.6859878
60.9,26,4,41,1181.3875,31.66794732,8.925863952,8.468587598,5060.920396,2010,1,131.9329218
60.9,26.2,1,49,1190.2175,31.39784059,20.77011086,14.76383986,926.6852912,2010,4,228.1675252
60.9,27.1,1,43,1207.8275,18.98211419,22.42591225,15.86835319,480.5675734,2010,4,146.5499994
60.9,27.3,1,96,1212.6575,48.99337885,31.36983901,22.48568182,633.9031803,2010,3,508.4318819
60.9,27.8,4,58,1206.055,43.71972098,22.8325521,17.86553846,1067.772141,2010,2,348.2014812
61,22,2,64,1268.615,42.74305193,20.35041452,15.5885489,1314.102154,2010,3,320.5337843
61,22,2,68,1268.615,47.72521374,27.35009327,20.62259754,812.3447485,2010,3,455.9379784
61,22.7,1,12,1224.79,3.00466075,24.44087976,9.8,64.04303328,2010,5,15.15872751
61,22.9,1,29,1209.875,22.49566446,12.83136818,9.552763204,1739.654524,2010,3,114.3390929
61,23.1,1,66,1189.845,18.06036211,14.3109925,10.51720409,1122.786195,2010,5,99.17793471
61,23.4,4,71,1164.925,43.05528211,20.37563992,16.28915385,1320.425928,2010,3,316.7773824
61,23.4,1,39,1164.925,30.27324955,24.30568869,17.16079719,652.4591069,2010,3,249.668046
61,23.6,1,104,1159.83,24.95607401,14.47869058,10.62379942,1515.750811,2010,5,138.1694946
61,24,2,74,1157.78,21.60987833,21.69646411,16.53364854,584.5000002,2010,3,170.5295102
61,24.7,2,69,1154.23,35.13056288,27.17084747,20.47651691,605.8831269,2010,2,333.4962622
61,21.6,4,83,1303.1,31.2437545,25.78797086,20.04563281,598.1897865,2010,3,275.2583271
61,25.3,1,27,1169.8025,22.87172121,15.33792651,11.1594529,1237.87178,2010,3,131.7926113
61,26.7,2,21,1185.375,30.90254702,7.760912837,7.064497147,6532.490439,2010,2,120.6762984
61.1,26.5,1,100,1170.7775,33.62501066,28.66139054,20.21964286,521.1683522,2010,4,318.561532
61.1,27.3,1,43,1173.655,13.39344973,9.718553227,7.606867757,1805.507661,2010,7,57.02972728
61.1,27.8,1,81,1194.35,32.78073145,32.56782246,23.0185,393.5059603,2010,3,346.5325439
61.1,21.8,2,58,1279.4325,39.03759855,17.21227119,13.40139565,1677.709842,2010,4,256.8285372
61.1,22,1,45,1253.8575,19.59504028,23.38476878,16.51701369,456.2365967,2010,3,156.4690592
61.1,23.5,1,47,1162.4075,34.89314452,19.80265698,14.22866667,1132.930577,2010,3,245.9558069
61.1,23.8,1,40,1155.6675,28.5246223,16.58628998,11.99117576,1320.175027,2010,4,174.3609952
61.1,23.8,1,43,1155.6675,30.57108916,21.85072915,15.49259591,815.2469128,2010,3,231.3266547
61.1,24.4,2,71,1155.4875,31.82899537,20.10835961,15.40034771,1002.258534,2010,2,236.1084204
61.1,24.9,2,81,1143.2225,49.68950574,30.46329032,22.95970489,681.7437679,2010,2,520.5217079
61.1,24.7,2,60,1142.8125,34.23924076,24.73335453,18.6986615,712.636724,2010,3,300.5429376
61.2,27.8,2,67,1184.8575,38.24721706,23.81500392,18.03326063,858.6351131,2010,2,325.3426858
61.2,28.9,2,43,1191.63,37.58144005,13.89202224,11.1391579,2479.434252,2010,2,211.1241017
61.2,28.9,2,62,1191.63,21.02008683,19.35146158,14.8606169,714.6889709,2010,3,151.1501661
61.2,21.8,1,107,1277.6275,46.17996254,24.89494938,17.60257143,948.7268676,2010,3,389.1649212
61.2,25.8,2,30,1159.4275,20.75037081,18.45721373,14.22970797,775.5391,2010,2,143.6856082
61.2,26.4,1,63,1154.6475,39.56870993,16.55124781,11.98446596,1839.079601,2010,4,241.7725361
61.2,27.3,1,48,1167.18,38.63303088,20.42427501,14.58408333,1179.167771,2010,4,277.9345694
61.2,21.8,1,13,1277.6275,4.179395091,12.07058147,9.010299569,365.2306055,2010,3,20.27705673
61.2,22.4,1,148,1218.5625,19.27443796,26.25609408,18.41231496,355.9849207,2010,4,168.6290175
61.2,22.4,2,62,1218.5625,38.17616785,16.5778795,12.96739868,1768.660565,2010,3,244.1520355
61.2,23.1,1,26,1172.37,23.53194838,11.84197032,8.929003342,2136.58448,2010,3,113.381457
61.2,23.3,1,117,1162.4075,18.21476001,25.51335278,17.91259605,356.2857918,2010,4,155.7065746
61.2,23.5,2,104,1157.0875,44.71701066,32.60038378,24.56851851,535.7195019,2010,3,496.0324729
61.2,24.2,2,57,1148.435,22.77983173,18.63910306,14.3588055,834.8541513,2010,2,158.9848184
61.2,24.2,2,34,1148.435,1.286676302,28.58480224,19.46808703,20.04975348,2010,3,11.31854522
61.2,29.1,4,110,1185.5,20.49066983,26.77248946,20.74872698,363.9894211,2010,2,185.9166067
61.3,29.1,1,58,1173.26,15.0933383,15.96278449,11.57665625,754.185406,2010,5,89.62774624
61.3,21.5,2,75,1344.0225,25.36623385,16.83325003,13.12586308,1139.803961,2010,3,163.8765655
61.3,25.1,1,34,1136.79,34.94782685,13.62966004,10.08734801,2395.301832,2010,3,185.5625751
61.3,26.7,1,120,1147.705,28.61802937,30.63544922,21.58314464,388.2409472,2010,3,286.4602012
61.3,21.5,2,99,1344.0225,40.69344832,21.76045483,16.55197915,1094.204949,2010,3,321.2790815
61.3,25.8,4,103,1155.6425,34.69492572,23.4696101,22.22835714,801.9814648,2010,2,352.3192243
61.3,26.7,1,40,1147.705,23.7412342,15.0177341,10.95874722,1340.307938,2010,4,134.7960604
61.3,26.9,1,27,1152.3475,8.809861121,9.423847742,7.389911337,1263.056154,2010,3,36.70196718
61.3,27.6,1,153,1167.1475,29.3676951,10.82545061,8.304585459,3190.715007,2010,4,133.7272525
61.3,22.2,1,72,1225.0725,22.11079058,23.63496279,16.70081693,503.9698367,2010,4,178.2207282
61.3,22.4,1,37,1225.0725,37.76487857,14.34253579,10.54168721,2337.471514,2010,3,207.7787147
61.3,22.6,2,65,1207.9925,23.89401819,18.17081959,14.04663994,921.4043866,2010,3,163.6592939
61.3,22.9,1,22,1175.6225,18.48216431,15.45099053,11.21464539,985.7125659,2010,2,106.9219445
61.3,22.6,1,41,1207.9925,24.48146831,20.48848144,14.56578834,742.5539949,2010,3,175.8987955
61.3,23.3,2,76,1166.8975,36.67377814,27.62131118,20.81003282,612.0363138,2010,2,353.0237901
61.3,23.5,1,29,1157.0875,12.12922797,18.41419986,13.16113389,455.4467134,2010,3,80.07022768
61.3,24.4,1,114,1143.505,24.8224725,28.02854454,19.71540345,402.3037344,2010,3,230.1462612
61.4,29.1,2,46,1163.9875,23.61810714,29.16670262,21.94476256,353.4927734,2010,2,237.8913252
61.4,25.1,4,94,1138.18,36.07657447,26.1665559,20.35521429,670.8760458,2010,3,322.2129817
61.4,25.1,2,24,1138.18,4.128842376,19.20055409,14.72384738,142.5971673,2010,2,29.43524479
61.4,27.1,1,115,1152.8525,31.22956855,20.59202978,14.63206574,937.7299511,2010,4,225.2357802
61.4,27.8,1,49,1210.47,23.84113476,16.83151016,12.14122759,1071.49679,2010,4,147.228328
61.4,28.9,4,46,1165.1025,39.61590453,16.61521563,13.54239999,1827.122776,2010,1,246.9837685
61.4,27.1,1,22,1152.8525,7.27432458,8.360996305,6.749029579,1324.911077,2010,3,28.34625032
61.4,22.2,1,80,1213.33,19.96427819,15.3094883,11.16495461,1084.532026,2010,5,115.0954298
61.4,22.6,1,93,1194.475,46.10855118,31.7090506,22.62744444,583.8820397,2010,2,480.8497539
61.5,24.6,2,83,1139.2075,37.32832362,21.11970449,16.15505882,1065.547785,2010,3,288.8590445
61.5,28.9,1,58,1161.0725,21.14475352,19.58399837,13.96067741,701.9562042,2010,3,146.6282188
61.5,26.2,4,72,1135.0125,23.90173429,28.77302971,22.4884,367.593941,2010,2,233.1138106
61.5,26.9,2,49,1137.7475,20.32152805,21.83438643,16.63209492,542.7308332,2010,2,161.1926026
61.5,27.8,1,56,1176.9675,39.82292978,24.64266324,17.41346796,834.9645599,2010,3,332.5280911
61.5,26.9,2,79,1137.7475,42.57236422,28.36358316,21.36928009,673.7762511,2010,2,419.3025284
61.5,22.1,1,37,1225.42,22.02215079,18.72051255,13.37500811,800.08178,2010,3,147.3460292
61.5,22.8,1,140,1166.19,32.62779302,28.83793821,20.4312,499.5390037,2010,3,311.9520931
61.5,22.6,2,64,1183.2825,39.51547401,19.67020357,15.10400715,1300.348034,2010,3,288.2856041
61.5,23,2,100,1155.7675,43.51111074,25.33248945,19.12272451,863.2857009,2010,3,389.3380979
61.6,24.2,4,34,1144.5,13.21256664,15.68900894,12.92178827,683.4492765,2010,2,79.02950382
61.6,29.1,2,79,1166.305,37.77949899,20.95745179,16.04708333,1095.189727,2010,2,290.6889213
61.6,29.6,2,30,1164.6025,18.40482054,21.25937709,16.18892594,518.4902988,2010,1,142.517026
61.6,24.6,1,62,1139.2075,27.78281929,27.59753754,19.44537861,464.4572723,2010,1,254.6403211
61.6,28.9,1,145,1188.0575,51.09592951,32.78345648,23.17872414,605.3226724,2010,3,543.3280322
61.6,26.9,1,51,1135.7125,18.10152405,10.36049274,8.017535914,2147.160154,2010,5,80.22500225
61.6,28.7,2,51,1160.685,37.67803318,14.33880996,11.44659283,2333.308297,2010,3,216.6259308
61.6,25.3,2,74,1139.8125,25.66952457,25.49334873,19.24939046,502.8913553,2010,2,231.0417181
61.7,24.2,1,39,1122.6675,21.08174402,14.7004058,10.75114586,1242.104134,2010,4,117.8471487
61.7,23.9,1,27,1129.025,24.0244676,10.94705661,8.372318243,2552.520054,2010,3,110.0836536
61.7,24,2,52,1129.025,27.39824976,20.33419889,15.55732937,843.682041,2010,3,205.0310315
61.7,29.8,2,48,1159.505,30.34871742,23.69601991,17.93885319,688.1761989,2010,2,256.9459072
61.7,29.8,1,108,1159.505,35.76231321,32.62271548,23.02825462,427.8539091,2010,3,378.1426692
61.7,29.8,4,43,1159.505,31.25796244,13.00740201,11.13848552,2352.283475,2010,3,164.1231545
61.7,28.7,1,31,1163.82,37.91163872,14.64652003,10.74478827,2250.161947,2010,3,211.8460031
61.7,21.7,1,134,1274.92,33.7110309,25.30178125,17.8174301,670.4709395,2010,3,286.9384222
61.7,22.6,1,26,1155.04,26.79917149,12.84126324,9.571155,2069.264413,2010,4,136.4271778
61.7,22.8,1,55,1141.315,16.82390174,12.4128679,9.301254856,1390.248947,2010,5,83.72070724
61.8,26.1,2,38,1126.02,29.6186084,20.53734273,15.70121646,894.1003538,2010,3,223.4284851
61.8,23.7,4,52,1118.9175,20.93668959,12.71813201,10.95510898,1648.054144,2010,3,108.3634627
61.8,23.7,2,70,1118.9175,21.05174418,20.07277601,15.36680038,665.2476139,2010,3,155.8429192
61.8,24.6,1,130,1107.36,41.76143013,28.44048698,20.216,657.372337,2010,4,395.8205946
61.8,29.6,4,24,1160.8375,6.336736714,11.40884975,10.08482993,619.8577848,2010,3,30.5381057
61.8,29.4,1,43,1174.1125,39.07453493,15.68841669,11.43356391,2021.369483,2010,4,229.7094061
61.8,29.4,1,59,1174.1125,44.20505096,24.90534353,19.43592857,907.3961685,2010,3,407.9442042
61.8,29.6,2,43,1160.8375,32.67339113,9.176132191,7.991715579,4940.660449,2010,2,140.0343096
61.8,28.5,1,42,1175.795,18.64427112,19.11236361,13.68000579,649.8703607,2010,3,127.1321244
61.8,28.9,1,60,1190.4,29.99162294,21.34380237,15.15303624,838.2363775,2010,4,222.7598049
61.8,28,1,34,1132.0975,42.22563441,19.55675212,13.9612051,1405.70063,2010,1,292.8435477
61.8,28.3,2,43,1141.11,39.72039122,16.31564303,12.78476574,1899.83221,2010,2,250.9358325
61.8,27.4,2,59,1115.21,34.27771857,24.73834711,18.69650691,713.1496435,2010,2,300.8219025
61.8,21.9,1,106,1228.2175,20.35692063,16.05095771,11.59119265,1006.051704,2010,4,120.9897221
61.8,21.9,1,38,1228.2175,25.46408796,14.37172832,10.5456494,1569.712971,2010,4,140.1362717
61.8,22.8,2,79,1124.7575,24.19611333,24.69523325,18.65707553,505.1605923,2010,3,211.9291391
61.9,29.8,1,25,1155.2575,19.75157803,11.64825935,8.803137203,1853.488321,2010,4,94.11105515
61.9,23,4,49,1092.3825,41.08110921,20.48980766,16.21821507,1245.880867,2010,1,300.4996958
61.9,25,1,29,1104.42,26.74010398,13.96204256,10.28543199,1746.526966,2010,3,144.2168931
61.9,25.3,1,72,1124.155,22.68118405,24.17397037,17.07408749,494.1739755,2010,4,186.2603021
61.9,25.3,1,60,1124.155,17.43146314,19.75041245,14.07769065,568.9729524,2010,5,121.7268936
61.9,26.1,4,35,1117.59,20.68806175,25.06159385,17.4956,419.3846662,2010,1,157.4847638
61.9,23.2,2,97,1095.475,15.60560909,26.01761024,19.58422943,293.5323933,2010,3,142.4574959
61.9,23.5,1,64,1092.725,24.01366983,15.2068419,11.09183276,1322.180027,2010,4,137.6965886
61.9,23.7,1,31,1100.73,22.01013596,13.44091156,9.94663467,1551.227149,2010,3,115.5474426
61.9,25,1,28,1104.42,9.126280414,11.66380933,8.783564575,854.1282855,2010,4,43.40439635
61.9,25.3,2,51,1124.155,41.06734046,21.84764794,16.63133075,1095.462006,2010,2,325.6794724
61.9,26.1,2,14,1117.59,2.769609176,26.12816423,10.66756484,51.6548154,2010,2,12.66987937
61.9,26.4,1,34,1120.3025,31.78066514,20.25192832,14.41154087,986.5982438,2010,2,226.3210596
61.9,29.6,4,42,1160.8275,17.59141838,10.89915363,9.753103136,1885.495184,2010,2,82.39980095
61.9,24.4,1,25,1102.0575,8.636999649,10.51444699,8.066111644,994.7183943,2010,4,38.45085959
61.9,28.7,4,25,1180.145,17.27436634,9.988830763,9.161172472,2204.362093,2010,1,76.76948829
61.9,28.5,1,72,1151.4675,16.14355569,19.57213906,13.95939872,536.5778355,2010,4,111.9416865
61.9,27.1,2,27,1117.305,21.30039414,12.40545637,10.10607122,1762.269266,2010,2,110.2064535
61.9,27.3,2,61,1114.985,44.03635649,22.09395216,16.81472783,1148.615516,2010,3,352.6155765
61.9,27.6,4,21,1110.6325,19.20946065,9.514670206,8.85781124,2701.704281,2010,2,83.02392306
61.9,22.1,1,70,1179.93,21.72954182,17.22422648,12.40305513,932.5695549,2010,4,136.5756188
62,22.6,1,64,1121.58,18.73456694,7.667139368,6.377947625,4057.766589,2010,4,70.11204884
62,22.6,4,70,1121.58,36.45267759,18.29042143,14.69193939,1387.369455,2010,3,244.2972016
62,23.2,1,32,1095.475,14.29493985,16.16072239,11.68592619,696.9007161,2010,4,85.53764169
62,23.5,1,35,1087.3875,6.404491935,16.66050598,11.97999976,293.7774305,2010,2,39.10976193
62,29.8,1,108,1142.345,50.09532206,30.47291518,21.71631579,686.8774928,2010,3,504.547591
62,23.7,1,44,1093.1275,15.46552037,20.12365963,14.31204936,486.2512491,2010,3,109.4931069
62,25.3,1,34,1119.3325,20.110597,12.49362012,9.339649297,1640.432966,2010,4,100.3994778
62,25.3,2,21,1119.3325,20.1158515,14.07907753,11.24352833,1292.111936,2010,3,113.8465413
62,26.3,1,24,1105.8775,18.33978703,8.212169735,6.688098233,3462.490356,2010,4,71.0035118
62,29.4,4,23,1141.72,30.09942774,10.34991235,9.391319636,3577.626624,2010,2,136.5636242
62,24.4,2,80,1102.6625,46.50195531,24.97638023,18.95526316,949.1226522,2010,3,413.5700061
62,29.2,1,46,1152.6925,35.68790263,22.31264824,15.81523933,912.7017985,2010,3,274.7750955
62,29.2,1,83,1152.6925,21.97340016,26.35089249,18.58471001,402.9180516,2010,4,193.8420659
62,27.6,2,73,1105.2075,36.28963103,22.5355295,17.12032664,909.8234742,2010,1,295.1150231
62,28.3,1,87,1142.7075,46.69550398,29.48942879,21.00084211,683.6793538,2010,3,457.1469958
62,28.7,1,41,1172.3875,38.02384154,23.5618026,16.69244444,872.065456,2010,3,306.4055314
62,29,2,61,1145.7925,37.51599107,26.85344655,20.24883496,662.4093815,2010,3,352.7626143
62,21.8,2,86,1224.0425,17.22073781,23.75548459,17.9590115,388.5385231,2010,4,145.8847344
62,26.9,1,45,1113.55,28.68031681,10.76623436,8.271881423,3150.405115,2010,4,130.2013525
62,27.6,2,56,1105.2075,38.92223423,21.36377811,16.29328144,1085.804815,2010,3,303.2425317
62,22.1,1,90,1160.305,24.49466343,21.09103594,14.97090138,701.1093703,2010,4,180.0869461
62,26.9,1,23,1113.55,4.157313263,13.24336261,9.780375379,301.8049291,2010,3,21.52897833
62.1,22.3,1,119,1121.89,17.00690432,21.63351666,15.27571331,462.6804422,2010,4,127.1393892
62.1,23.2,1,27,1085.305,21.08571245,7.058674067,6.027802982,5388.304626,2010,3,75.85656206
62.1,23.2,1,73,1085.305,32.07280274,13.96099745,10.30412319,2095.145249,2010,4,173.2430632
62.1,23.2,1,29,1085.305,1.576827544,7.157592256,6.056078946,391.8865943,2010,5,5.690695326
62.1,30.4,2,27,1128.6525,23.98710892,15.18298379,11.99625614,1324.871534,2010,3,143.4555668
62.1,30.4,4,19,1128.6525,15.67300475,7.75287441,7.731588162,3319.990845,2010,2,60.74221047
62.1,30.1,1,57,1133.5975,7.577269901,8.832695968,7.063436724,1236.620131,2010,5,30.52835275
62.1,30.1,2,44,1133.5975,28.10020329,25.02082371,18.89169275,571.5001839,2010,2,248.7937371
62.1,30.1,1,51,1133.5975,5.364762193,13.08650531,9.705614936,398.8533306,2010,5,27.61428539
62.1,30.4,2,20,1128.6525,8.694195761,10.6398155,8.893654582,977.8479704,2010,2,40.48111857
62.1,23.7,1,39,1092.16,19.38771897,18.43933426,13.19841453,726.016282,2010,4,128.2978965
62.1,29.6,1,19,1138.7175,15.51282813,9.255787018,7.309762604,2305.549198,2010,3,64.10662751
62.1,29.6,2,42,1138.7175,41.56749399,19.95873998,15.30780637,1328.610623,2010,3,306.8107004
62.1,29.6,2,52,1138.7175,17.2473568,17.65566354,13.67706477,704.4733661,2010,3,115.413684
62.1,30.1,1,127,1133.5975,7,17.93333333,10.76719483,277.1316432,2010,5,38.87850917
62.1,25,2,94,1095.505,33.05834604,29.19216593,21.97107841,493.9222634,2010,3,333.3563274
62.1,25.8,1,126,1108.7525,29.46841279,30.30410375,21.32322303,408.5676485,2010,3,291.940359
62.1,25.3,2,54,1103.05,42.94112652,20.3826957,15.60210362,1316.013398,2010,2,322.2086557
62.1,28.3,4,33,1137.435,8.805545152,15.7921072,13.00375564,449.5584862,2010,2,52.97204062
62.1,28.5,1,94,1170.785,31.1196565,35.52114522,25.13337506,314.0298955,2010,2,354.2321648
62.1,27.1,2,37,1108.2075,16.07945538,12.97214421,10.48714818,1216.628309,2010,3,85.80254991
62.1,27.8,1,63,1117.83,23.1417274,16.39555749,11.86230314,1096.108423,2010,4,140.202358
62.1,27.1,1,21,1108.2075,16.08823717,9.359033789,7.37554009,2338.603245,2010,3,66.93112689
62.2,21.8,2,89,1199.975,40.91678696,20.32866202,15.55972335,1260.648614,2010,3,306.2709563
62.2,21.8,1,38,1199.975,30.80570284,11.89455021,8.97924372,2772.331713,2010,4,149.0927706
62.2,21.8,2,110,1199.975,23.76295415,22.27731002,16.87758476,609.6562795,2010,3,190.6711049
62.2,23,1,108,1076.9,18.65011999,16.75854605,12.07581471,845.5106352,2010,5,114.652437
62.2,22.3,1,25,1109.495,7.330606545,15.82157686,11.44993032,372.8640377,2010,3,43.13433508
62.2,23.2,1,19,1076.9,15.57667398,6.007799395,5.435638714,5494.826741,2010,3,52.27797603
62.2,29.2,1,37,1133.525,26.11998278,17.46264662,12.55982713,1090.593422,2010,4,165.8852381
62.2,24.5,4,39,1089.395,37.11447741,13.55293347,11.58841667,2572.686428,2010,2,201.9017994
62.2,25,1,46,1084.835,23.03181799,23.63584971,16.70393055,524.9233586,2010,3,185.6755097
62.2,25.6,2,69,1102.735,48.84329584,29.10063116,21.93307389,734.3621136,2010,2,492.0306504
62.2,26.9,1,88,1094.9275,41.84711458,19.27790884,13.78930115,1433.69177,2010,4,287.2477251
62.2,27.1,2,36,1102.1325,34.41577667,10.82180989,9.084184487,3741.690774,2010,2,163.2908038
62.2,27.8,1,41,1117.83,34.93311947,18.88702448,13.52071018,1246.867776,2010,3,235.8804606
62.2,25,2,51,1084.835,6.796456587,18.47246745,14.22038903,253.5962608,2010,3,47.01750719
62.2,25,1,39,1084.835,26.42696811,11.66942689,8.833574057,2470.918405,2010,3,126.2657901
62.3,21.5,1,114,1234.9,22.64378869,23.59406397,16.61211373,517.9092969,2010,4,181.6567455
62.3,21.8,4,80,1188.4175,32.60103004,15.16696185,12.58069915,1804.447505,2010,4,190.4684577
62.3,22,1,105,1149.4275,21.37695904,15.06162957,10.95607627,1199.809011,2010,4,121.3347664
62.3,22.3,1,31,1122.7925,13.51977912,15.60403297,11.32307272,706.9781583,2010,4,78.83416385
62.3,23.2,1,58,1090.45,18.51654218,12.77389185,9.520947344,1444.85258,2010,4,93.86605892
62.3,23.6,1,116,1089.06,11.70211004,20.29319775,14.39375412,361.8039648,2010,7,83.23424225
62.3,23.4,1,59,1089.92,23.22958033,19.38120376,13.83070337,787.3901681,2010,3,159.835703
62.3,22.6,1,75,1088.1825,32.15390933,24.29973897,17.17545761,693.3311053,2010,4,265.3885668
62.3,22.6,1,80,1088.1825,15.66893457,18.61951582,13.32743042,575.4569223,2010,5,104.5350529
62.3,22.6,1,135,1088.1825,31.03353231,25.81995017,18.18448989,592.6939988,2010,3,268.7454087
62.3,22.9,1,95,1084.7925,13.86409928,10.554996,8.134581811,1584.475878,2010,5,62.131645
62.3,23.7,1,66,1090.0675,24.95802296,18.33644868,13.13970291,945.1262902,2010,4,164.5541396
62.3,23.9,1,85,1082.7525,29.60872508,28.42431104,20.0352178,466.6055845,2010,4,278.3280132
62.3,29.2,2,43,1125.5875,41.70900994,20.99640044,16.03133006,1204.620655,2010,2,320.4026728
62.3,23.1,1,76,1090.45,27.9807319,17.26955356,12.44493224,1194.557247,2010,3,176.3646245
62.3,23.1,4,54,1090.45,17.84204616,8.842279038,8.428792947,2905.536565,2010,4,74.0537521
62.3,30.4,1,24,1105.435,3.294745914,6.503068063,5.687103727,991.9629416,2010,5,11.39266624
62.3,31,1,62,1074.975,11.98087575,15.20105223,11.06761649,660.1633047,2010,4,68.57200874
62.3,28.7,4,25,1117.42,4.715524429,15.73432433,12.96791026,242.5179686,2010,3,28.29930735
62.3,28.7,2,93,1117.42,31.47235872,21.52909683,16.39057275,864.5453699,2010,3,246.3846167
62.3,30.1,1,39,1109.915,33.00815426,14.91681618,10.90946242,1888.77003,2010,4,186.7350172
62.3,30.4,1,47,1105.435,20.01948268,16.30204199,11.80567003,959.1332675,2010,5,120.8119718
62.3,24.5,1,26,1071.915,16.22933041,10.81855252,8.282786848,1765.51904,2010,3,73.74704521
62.3,26.9,1,107,1089.295,26.41855096,17.62864324,12.64769873,1082.383926,2010,4,168.7392682
62.3,27.1,2,130,1095.2525,32.36833594,30.69425129,23.07143005,437.4378949,2010,3,340.1584634
62.3,29.9,2,37,1120.89,13.2870988,13.36730731,10.73239868,946.7872879,2010,2,72.25659116
62.3,30.4,1,48,1105.435,22.60901158,23.5690003,16.66298035,518.214274,2010,3,181.8936698
62.4,24.2,2,103,1072.8525,27.23124209,15.49006562,12.18420515,1445.010673,2010,3,164.9621688
62.4,24.7,4,38,1056.335,11.01103246,15.34181025,12.70209803,595.6414986,2010,1,64.88129345
62.4,29.9,1,86,1120.89,28.74942427,23.27566471,16.46144074,675.670699,2010,3,228.9339558
62.4,25.3,1,44,1065.1075,27.70261301,21.82249091,15.47179015,740.6656631,2010,4,209.3834091
62.4,25.6,1,35,1090.1975,30.76215685,12.46625391,9.34317656,2520.315811,2010,3,153.632756
62.4,24.7,2,80,1056.335,35.07372082,29.03184142,21.86358463,529.8376225,2010,2,352.2641272
62.4,25.3,1,36,1065.1075,15.077537,13.81499927,10.17776297,1005.862898,2010,4,80.62652035
62.4,25.8,4,42,1090.1975,29.28469782,14.22460307,11.9491228,1842.767537,2010,2,163.5070789
62.4,28,1,81,1112.4575,24.4022221,22.93226067,16.21941615,590.8071668,2010,2,191.902084
62.4,21.2,4,74,1259.4625,36.12748415,19.20508698,15.33280603,1247.140207,2010,3,251.4861263
62.4,26.1,2,67,1101.7775,45.37528074,26.88118675,20.27615621,799.5259565,2010,2,427.2064149
62.4,21.7,1,68,1177.8575,39.06600679,16.73589022,12.10507718,1775.871359,2010,3,240.678801
62.4,21.7,1,93,1177.8575,28.61588722,24.36056285,17.18629574,613.9637038,2010,3,236.2840897
62.4,21.7,1,57,1177.8575,27.5433373,24.37901923,17.21372308,590.0573433,2010,3,227.7471512
62.4,22.3,1,83,1127.21,23.24927478,17.39598712,12.51646052,978.1858455,2010,4,147.2319177
62.4,22.6,1,42,1098.5075,17.94555451,19.64441698,13.99058881,592.0913454,2010,4,124.6610878
62.4,27.1,1,28,1093.22,15.70361658,11.05175003,8.420920392,1636.996288,2010,3,72.27604252
62.4,28.5,1,39,1101.6825,22.219983,18.94348995,13.53867499,788.376839,2010,3,150.1919667
62.4,28.5,1,41,1101.6825,42.96948634,20.08340149,14.44353333,1356.424857,2010,3,306.738337
62.4,28.8,1,74,1106.3325,34.64536843,25.73600743,18.16787316,665.9980479,2010,3,299.8403617
62.4,29,4,23,1107.4675,13.03497517,10.81447286,9.701251137,1419.088945,2010,2,60.78355527
62.5,23.1,1,48,1104.5625,24.3391745,12.99294094,9.667535739,1835.697152,2010,4,124.8984846
62.5,23.4,1,110,1094.6975,21.55698095,15.97672119,11.54897392,1075.282911,2010,4,127.7421224
62.5,27.1,1,32,1091.61,23.92432357,9.179582742,7.279811451,3614.963399,2010,3,98.56974504
62.5,27.1,1,57,1091.61,34.21168065,15.3023478,11.16786845,1860.237482,2010,4,197.2800747
62.5,30.7,2,29,1065.4825,34.44869028,10.83405572,9.090558087,3736.807313,2010,2,163.5326101
62.5,30.1,4,22,1096.885,15.31568233,9.740827231,9.002731603,2055.203294,2010,2,67.0871683
62.5,30.7,4,30,1065.4825,6.743011505,9.220223292,8.66246815,1009.90644,2010,3,28.61470404
62.5,24.7,1,57,1046.1875,27.36442563,17.93664966,12.87908498,1082.963462,2010,4,177.4459243
62.5,24.7,1,40,1046.1875,7.546392728,15.75688628,11.42949751,386.9979999,2010,5,44.34261448
62.5,25,1,45,1042.0125,17.96502669,17.57242547,12.62049499,740.7549552,2010,4,114.5450968
62.5,25.5,1,45,1073.78,20.2599458,21.66981432,15.36182591,549.3359455,2010,4,152.2110787
62.5,29.6,1,111,1136.435,26.31419548,32.58463593,22.94784896,315.5545665,2010,2,277.3627565
62.5,24.7,1,56,1046.1875,27.77851952,19.58982564,13.97508696,921.6331208,2010,3,192.8037729
62.5,25,1,43,1042.0125,6.639441505,12.61812692,9.411490552,530.9478721,2010,5,33.34801708
62.5,26.3,1,25,1097.8375,16.27986799,15.33662883,11.1348325,881.2541665,2010,2,93.6316599
62.5,25.3,1,83,1065.4925,11.61905941,17.82875395,12.78851473,465.4136412,2010,4,74.89921675
62.5,25.8,1,46,1085.18,25.41659796,20.17645106,14.36293278,794.946646,2010,3,180.4907001
62.5,27.4,1,36,1094.695,27.42429091,18.75180414,13.41494319,993.0232325,2010,3,183.9599699
62.5,26.9,4,37,1090.0925,19.52243227,23.49935927,17.92128571,450.1238258,2010,2,155.0238671
62.5,27.4,1,97,1094.695,25.34951213,31.58516625,22.25811973,323.5291299,2010,3,260.4268045
62.5,28.7,4,21,1106.3325,8.479701404,9.755175499,9.00701383,1134.541809,2010,2,37.15716707
62.6,28.7,1,38,1104.4025,31.68144135,16.92073307,12.2099523,1408.88875,2010,3,196.5659902
62.6,28.8,2,21,1131.52,16.03240715,7.520793338,6.855700818,3608.955626,2010,2,61.16023278
62.6,30.7,1,41,1054.055,23.21528809,17.37569629,12.49817058,979.0384811,2010,3,146.8362293
62.6,31,1,60,1051.995,32.21710034,9.473018626,7.496152228,4571.090143,2010,4,135.6907375
62.6,31.2,1,37,1048.42,34.73106088,14.70919429,10.78138131,2043.856492,2010,3,194.6075412
62.6,23.1,1,128,1111.0975,18.08676049,18.72229774,13.33196946,656.9806992,2010,3,120.670812
62.6,30.4,1,116,1060.5375,37.00208702,39.9937795,28.5088,294.5448564,2010,3,468.3002205
62.6,31,2,101,1051.995,26.52045711,31.32796008,23.57209701,344.0542211,2010,3,283.9287433
62.6,23.4,1,53,1096.25,20.48564928,7.07161552,6.055477845,5215.819711,2010,5,73.93472056
62.6,23.9,1,83,1072.625,33.21856651,19.68923276,14.04985578,1091.021779,2010,3,231.599119
62.6,30.2,2,102,1083.2525,25.63900128,20.48753337,15.6176242,777.7354136,2010,2,192.3454317
62.6,24.2,2,50,1058.55,19.90963905,13.6542156,10.96302263,1359.690281,2010,3,110.3160275
62.6,24.4,4,48,1047.9825,16.27890438,14.86960673,12.39197079,937.4245564,2010,4,93.85964436
62.6,30.2,2,33,1083.2525,22.69989637,9.492186901,8.190542159,3207.756779,2010,3,99.14417251
62.6,30.2,1,39,1083.2525,27.37754231,19.1694449,13.68820073,948.6052055,2010,3,186.755029
62.6,30.4,1,55,1060.5375,19.0198424,11.1683829,8.524488291,1941.495741,2010,5,88.3828973
62.6,29.9,1,74,1100.2,18.6961268,18.13232496,13.02823077,724.0270235,2010,3,122.4093181
62.6,25,4,71,1045.1525,22.1620535,16.37296752,13.4047224,1052.604729,2010,4,136.9660437
62.6,25.2,1,34,1065.9875,20.20257479,16.26197757,11.76570034,972.6803144,2010,4,121.5712896
62.6,25.3,1,113,1065.9875,34.65691283,25.95661433,18.37636364,654.943602,2010,4,302.9109653
62.6,25.3,1,46,1065.9875,10.72431056,22.26863535,15.75389301,275.3545728,2010,4,82.2912069
62.6,29.4,1,50,1120.225,19.99036624,27.08266587,19.08163947,347.0148388,2010,3,180.3158272
62.6,25,1,118,1045.1525,9.473160895,19.66404195,13.9710326,311.931654,2010,5,65.72154006
62.6,25,1,33,1045.1525,29.55420377,13.73968345,10.15025147,1993.314967,2010,3,157.7071101
62.6,25.2,1,15,1065.9875,2.65556302,8.962744075,7.071716206,420.9056346,2010,4,10.70624986
62.6,27.2,1,61,1090.2,21.06560966,16.1743434,11.71589756,1025.252488,2010,4,126.3270034
62.6,28,2,73,1105.2525,22.86451036,19.04075636,14.65262964,802.9779732,2010,3,162.4435545
62.6,29.1,1,30,1110.3475,17.43289385,13.51941606,9.986524767,1214.405532,2010,3,91.80941546
62.6,25.3,1,38,1065.9875,30.18338712,15.79969938,11.48086539,1539.502664,2010,4,178.0256546
62.6,25.8,2,79,1080.9675,34.97646363,34.33182412,25.91865296,377.826363,2010,2,405.9631791
62.6,27.2,1,53,1090.2,21.75263398,18.35845565,13.15200142,821.7688625,2010,4,143.5305951
62.6,28,2,32,1105.2525,19.20946009,17.75741375,13.73940098,775.6500937,2010,2,129.029407
62.6,21.2,1,26,1245.605,14.32576857,13.07906943,9.6874482,1066.287601,2010,3,73.62599761
62.6,26.9,1,35,1090.0925,35.77679257,12.61459863,9.44743837,2862.626241,2010,3,180.2652068
62.6,27.7,1,22,1102.99,9.229051784,9.120554812,7.173704343,1412.617838,2010,1,37.60450025
62.7,22,1,77,1155.07,21.52165368,12.55419317,9.388596679,1738.633901,2010,4,107.8945859
62.7,22.5,1,38,1143.505,14.9621015,9.581707429,7.530307212,2074.994279,2010,5,63.22663644
62.7,22.5,1,45,1143.505,21.88280326,14.95293664,10.91686182,1246.120637,2010,4,123.8575415
62.7,22.5,1,45,1143.505,21.30374043,17.54840322,12.60817291,880.8273086,2010,4,135.7246947
62.7,30.7,1,23,1045.6175,8.170062116,7.193468995,6.069183887,2010.290058,2010,3,29.52898678
62.7,31,1,49,1042.4925,28.46984388,11.25867635,8.577610309,2859.700391,2010,3,132.9359294
62.7,31,1,47,1042.4925,6.301493232,13.30316829,9.849689604,453.3602324,2010,5,32.8213562
62.7,23.1,1,80,1115.945,27.74775727,21.02505623,14.93965598,799.2150867,2010,3,203.657111
62.7,23.6,1,89,1086.4775,23.30320888,21.15263282,15.00792566,663.1274184,2010,4,171.6796706
62.7,31,1,36,1042.4925,38.58053131,15.40639434,11.24204435,2069.551811,2010,3,223.6848657
62.7,30.2,1,69,1071.68,34.09672899,21.15751455,15.03581581,969.8253677,2010,4,251.6131439
62.7,30.4,1,34,1060.5375,29.99179296,14.07156616,10.36445294,1928.535662,2010,3,162.7619464
62.7,30.4,1,26,1060.5375,10.79803563,12.3952103,9.256788295,894.8434758,2010,4,53.52458802
62.7,30.4,1,91,1060.5375,18.81847858,15.4769127,11.26325664,1000.29008,2010,5,109.2656666
62.7,30.7,1,47,1045.6175,18.14754204,20.30380412,14.43818765,560.4967515,2010,4,129.4308426
62.7,23.9,1,56,1069.3,29.47148906,13.48349178,9.99004894,2063.989333,2010,4,155.268264
62.7,23.9,1,86,1069.3,26.74870267,27.6713263,19.50478048,444.7878247,2010,4,245.8025639
62.7,29.9,1,37,1096.6075,33.67059707,17.10829881,12.33628179,1464.695281,2010,3,210.6934287
62.7,29.9,1,78,1096.6075,23.02882976,24.22042809,17.10649215,499.8254411,2010,4,189.4182705
62.7,29.9,1,73,1096.6075,19.69802592,24.54266608,17.32389603,416.3795064,2010,4,163.7543394
62.7,24.1,1,63,1053.555,12.95804449,10.15123406,7.884665098,1601.075832,2010,5,56.69985881
62.7,25,1,47,1045.1525,32.04027301,15.52238862,11.30485687,1693.125779,2010,3,186.6051989
62.7,25.3,2,94,1064.585,30.34326207,21.11580874,16.09581225,866.4768165,2010,3,233.8232114
62.7,29.1,1,114,1105.35,25.99575822,18.71729336,13.37001438,944.7709109,2010,4,173.8767566
62.7,25,1,22,1045.1525,9.829277034,10.58583955,8.122851222,1116.814593,2010,4,43.99661963
62.7,25.8,4,38,1081.105,5.188562639,29.04248119,20.10303558,78.32307849,2010,1,44.34117723
62.7,26.1,2,65,1098.33,41.10898837,18.20260881,14.08931562,1579.718255,2010,2,282.4222045
62.7,26.6,2,24,1093.2275,23.82510884,7.842295998,7.092496983,4932.402981,2010,2,93.23890524
62.7,27.2,1,38,1088.22,26.01236323,19.86131399,14.15109125,839.6029844,2010,3,182.4394873
62.7,27.7,2,62,1147.195,23.50455965,22.85511558,17.3323062,572.921861,2010,2,193.141214
62.8,25.3,1,116,1066.365,20.07094469,17.79880012,12.7333466,806.6710679,2010,4,128.902214
62.8,27.7,2,64,1145.5225,23.91108859,17.17591625,13.36424858,1031.9761,2010,3,156.8978896
62.8,28.2,4,40,1104.2725,28.8171186,18.96563403,15.17033697,1020.060523,2010,1,198.721639
62.8,27.2,1,50,1088.22,28.13856193,14.63799004,10.72781722,1672.049469,2010,4,157.0269767
62.8,27.4,2,74,1097.2,46.78904465,26.44630959,19.95494254,851.773533,2010,2,434.484243
62.8,21.9,1,90,1155.07,22.70220594,21.43006044,15.19346748,629.4067349,2010,4,168.9844084
62.8,21.9,2,62,1155.07,15.98307753,22.71483771,17.22524441,394.4130246,2010,3,130.6164501
62.8,22.2,1,60,1156.3775,37.77303729,14.55439848,10.68830165,2270.405884,2010,4,210.1721183
62.8,22.5,1,23,1152.45,17.22485325,9.957230891,7.745788782,2212.017169,2010,3,74.3536347
62.8,31.3,1,24,1031.375,14.41222489,8.984679902,7.150826021,2273.191014,2010,3,58.59484905
62.8,31,1,40,1036.96,20.93242854,18.60880181,13.30969723,769.6493639,2010,3,139.4901622
62.8,31.3,1,72,1031.375,19.33655053,14.18119403,10.43501032,1224.231423,2010,5,105.5144019
62.8,30.7,1,40,1045.6175,32.44282061,14.00996305,10.33013896,2104.528173,2010,3,175.5955825
62.8,31,1,92,1036.96,25.74145651,22.23258611,15.74074797,663.0759391,2010,4,197.3927838
62.8,24.1,4,32,1051.02,9.25025605,18.38772475,14.78399738,348.3436393,2010,3,62.35669348
62.9,25.5,1,30,1075.605,14.58672532,16.99357848,12.22437039,643.1292182,2010,2,90.57967708
62.9,28.5,2,33,1076.6725,28.56889309,12.40682822,10.12616453,2363.099423,2010,2,148.1225001
62.9,29.1,1,25,1085.46,14.30300703,10.96434103,8.343258978,1514.859661,2010,2,65.3540599
62.9,29.1,1,94,1085.46,25.34341239,34.82559084,24.60759159,266.0591643,2010,2,283.372004
62.9,25.8,2,112,1088.2275,32.11765075,24.16648837,18.2537984,700.2075586,2010,3,275.9428819
62.9,21.4,4,45,1240.785,19.60998893,16.44189728,13.44654241,923.5993223,2010,3,121.521659
62.9,27.2,1,36,1092.1625,29.22926404,16.51960003,11.94513595,1363.731723,2010,3,178.1014951
62.9,27.4,1,27,1103.125,22.06134552,13.020991,9.679601999,1656.738778,2010,3,113.3202192
62.9,21.9,1,37,1183.59,23.91434061,14.8203746,10.82953496,1386.277477,2010,3,134.473595
62.9,22.2,1,81,1156.3775,15.94065613,18.1855599,13.03361101,613.7096593,2010,4,104.3925336
62.9,22.2,2,96,1156.3775,38.93349686,19.2834757,14.81999698,1333.10053,2010,3,279.3331454
62.9,31,1,32,1019.36,21.12088636,12.58295976,9.401265298,1698.465161,2010,3,105.9969079
62.9,31,1,35,1019.36,15.45985241,8.12076421,6.654067719,2984.844156,2010,5,59.63694998
63,31,1,44,1019.36,11.36622038,16.09151043,11.64059103,558.8980169,2010,4,67.7960801
63,23.6,1,39,1107.91,31.04470529,14.2080328,10.45355788,1958.076962,2010,3,169.647001
63,23.9,1,37,1081.7225,20.69608298,16.44472005,11.8842453,974.4180189,2010,4,125.5717279
63,30.2,1,87,1038.7275,28.35703913,13.01547618,9.688384922,2131.330882,2010,3,145.7703446
63,23.8,1,58,1107.91,17.76488045,17.63265839,12.66341472,727.5064033,2010,4,113.5892706
63,29.9,1,78,1050.9725,17.51730077,24.17970555,17.07154691,381.4830882,2010,3,143.8322664
63,24.1,1,73,1061.87,35.62145177,24.81446948,17.53058878,736.5661304,2010,3,299.1311742
63,24.1,2,65,1061.87,21.80332747,14.8038132,11.74213448,1266.734805,2010,3,128.0469514
63,29.4,1,60,1055.3075,25.05180569,20.82226524,14.79767962,735.6872074,2010,3,182.3998357
63,24.7,1,176,1033.21,23.24596167,27.15213831,19.06228329,401.4667308,2010,4,209.4463672
63,25.8,2,109,1081.185,35.843545,12.86809583,10.42848336,2756.084327,2010,3,190.4201469
63,25.8,1,39,1081.185,23.46750281,16.69817759,12.05522918,1071.615154,2010,3,144.0748178
63,26.9,1,41,1091.16,20.32478632,14.15750889,10.40097744,1291.107551,2010,3,110.6070278
63,27.2,2,112,1091.9175,24.93379513,25.68206582,19.33835165,481.3251956,2010,3,225.1369922
63,26.3,1,31,1081.845,8.170465556,12.33575436,9.214624606,683.6369002,2010,4,40.35331558
63,21.6,1,99,1214.25,26.62195341,23.57790093,16.64775288,609.7330843,2010,4,213.9958636
63,21.6,4,58,1214.25,26.02103805,23.01990034,18.02834345,625.2127963,2010,1,208.9783524
63,22.2,1,111,1166.92,14.07677082,24.04920195,16.91907077,309.8930383,2010,3,114.6832833
63.1,23,1,29,1139.69,34.33021711,13.09840934,9.748325464,2547.707419,2010,4,177.3522406
63.1,31,1,73,994.73,17.41206689,9.649999608,7.589841637,2380.70648,2010,5,74.02132977
63.1,31.3,1,46,980.815,22.75977835,13.18061027,9.785572476,1668.04249,2010,4,117.9317519
63.1,31.3,1,72,980.815,26.48737659,15.56173742,11.32628886,1392.620869,2010,3,154.5015872
63.1,23.6,1,70,1123.01,34.70566599,20.90831315,15.286,1010.816934,2010,3,260.0958582
63.1,23.6,1,84,1123.01,42.73298142,20.08768147,14.43269231,1348.384298,2010,4,304.8424527
63.1,23.8,1,25,1149.6725,14.95263915,11.70370914,8.823133784,1389.891603,2010,4,71.36875212
63.1,30.2,1,37,1033.6975,20.04495434,20.60439465,14.64114949,601.1674681,2010,3,144.6450405
63.1,30,1,73,1067.43,28.54833012,22.16197383,15.70870186,740.0719655,2010,3,218.5552229
63.1,24.4,1,25,1039.305,5.54022442,9.97409246,7.754409723,709.0725878,2010,5,23.93527028
63.1,24.7,1,47,1047.305,22.56799014,19.57098764,13.95519367,750.2007889,2010,4,156.4482116
63.1,24.4,1,30,1039.305,9.506462823,9.100566143,7.196792099,1461.477898,2010,4,38.83103939
63.1,24.7,1,38,1047.305,19.55331726,11.03776279,8.425429022,2043.470874,2010,3,90.03548761
63.1,28.8,1,92,1040.465,27.36691466,21.86487863,15.673,728.8561369,2010,4,209.2438165
63.1,29.1,1,43,1043.0675,25.06410413,18.29649067,13.1143006,953.2936672,2010,4,164.9886577
63.1,29.1,1,51,1043.0675,23.83711297,18.25896991,13.08628349,910.3559343,2010,3,156.6313179
63.1,29.4,2,109,1055.3075,37.69561034,31.80567059,23.94816417,474.4514571,2010,3,409.1075927
63.1,29.7,2,36,1060.5025,14.50003041,11.93905771,9.780439892,1295.206243,2010,2,72.99228316
63.1,24.9,1,29,1054.745,5.432801584,11.246289,8.54314572,546.9095201,2010,5,25.28612554
63.1,25.8,1,27,1081.185,9.25221198,7.281176832,6.098310416,2222.043394,2010,2,33.54966575
63.1,28,1,29,1067.0425,35.50882271,11.9998437,9.045113909,3139.751044,2010,2,172.8468703
63.1,28.8,1,106,1040.465,21.85156725,14.08173739,10.34137253,1403.072873,2010,4,118.3602071
63.1,27.2,1,62,1084.175,42.49476892,19.66758069,14.1245,1398.761627,2010,3,297.6881189
63.1,28.8,1,47,1040.465,33.52569278,15.3647936,11.21820012,1808.149843,2010,4,194.0427473
63.1,28.8,1,58,1040.465,31.33547667,15.50001434,11.29089114,1660.665733,2010,4,182.3163464
63.1,25.8,4,45,1081.185,17.27057606,24.21758067,17.1072649,374.934524,2010,2,129.3141677
63.1,26,1,69,1091.7325,9.075539627,13.020873,9.6789299,681.5572941,2010,5,46.6147
63.1,26.9,1,11,1087.5675,4.138435662,22.27574425,9.3955,106.1895744,2010,3,20.27666306
63.2,22.1,1,32,1188.3025,1.465402184,10.35009967,7.968851659,174.1718197,2010,7,6.463540878
63.2,22.4,1,21,1172.3475,8.168754844,7.431068749,6.199651197,1883.490451,2010,3,29.96386268
63.2,22.7,1,108,1152.2475,35.83914361,20.08395221,14.5185,1131.278109,2010,4,257.0226192
63.2,23.3,1,51,1129.785,11.72451492,11.56144084,8.735127729,1116.814593,2010,4,55.52355405
63.2,31.1,4,31,985.3725,12.76832977,8.252000309,8.053388007,2387.403016,2010,3,51.09657036
63.2,23.8,1,69,1118.725,29.89784719,20.1466853,14.35080374,937.8704035,2010,4,212.1696557
63.2,23.8,4,71,1118.725,12.88553883,32.50562236,19.07663388,155.272924,2010,2,99.95249674
63.2,30.5,1,47,1014.0475,39.7827587,16.86351891,12.18833756,1781.183267,2010,3,246.4840268
63.2,23.5,1,31,1119.87,10.48447936,19.91946589,14.16578608,336.4353401,2010,4,73.59066336
63.2,24.1,1,61,1069.995,20.23157745,16.15514637,11.70309914,987.0020852,2010,4,121.2164374
63.2,30.5,1,59,1014.0475,30.12703597,7.308933259,6.397666667,7180.563584,2010,4,113.0554051
63.2,23.8,1,74,1118.725,31.90854582,21.33654913,15.15490836,892.4189239,2010,4,237.0282956
63.2,24.1,1,70,1069.995,10.6804822,15.93199092,11.55612624,535.7483949,2010,5,63.33079477
63.2,24.7,1,71,1043.8525,15.46334837,15.17196783,11.07101061,855.3223729,2010,5,88.53299548
63.2,30.2,1,59,1026.2125,24.01024416,18.14004008,13.01528047,929.0310095,2010,3,157.0620824
63.2,24.4,1,39,1050.17,15.12584718,10.01468025,7.781961517,1920.240618,2010,4,65.52449546
63.2,25.2,2,83,1066.16,25.55399525,24.11080897,18.24240009,559.6871863,2010,3,219.5375193
63.2,28.8,1,101,1028.2575,21.22573639,11.91888546,8.979661589,1902.398928,2010,4,102.7265776
63.2,29.1,1,80,1024.57,39.04316076,15.79626546,11.542,1992.261033,2010,3,231.3398829
63.2,24.7,1,116,1043.8525,29.69526845,23.72030246,16.791,671.9809004,2010,3,240.4729654
63.2,25.5,2,46,1067.435,20.59397915,22.14317875,16.83033439,534.7742111,2010,2,164.9805792
63.2,28.6,1,74,1040.2075,16.87820418,12.73670499,9.516153607,1324.714152,2010,5,85.53196579
63.2,29.1,1,111,1024.57,7.064041819,12.04408979,9.022012073,620.0338664,2010,5,34.31073394
63.2,29.1,1,63,1024.57,39.10256776,16.01142215,11.6436279,1942.028414,2010,4,233.3319705
63.3,25.5,1,19,1059.0175,5.20755946,8.23448625,6.677462933,977.8479704,2010,3,20.13695674
63.3,27.7,1,31,1056.9125,16.50503995,10.92639261,8.348936156,1760.244901,2010,3,75.46241813
63.3,28.6,1,52,1022.32,37.68954262,14.01824454,10.50925,2441.989105,2010,4,206.9753314
63.3,28.8,1,64,1015.9675,39.97678342,16.50378555,12.12384,1868.74835,2010,3,246.7595066
63.3,28.8,1,60,1015.9675,26.10020376,16.25621614,11.77825336,1257.520538,2010,3,157.2080546
63.3,25.8,2,39,1062.685,30.46030633,12.69965513,10.3257736,2404.697932,2010,1,160.5277608
63.3,26.1,1,89,1062.7375,15.88515347,17.68445936,12.70777015,646.7224825,2010,5,101.8687658
63.3,30.5,1,28,1010.2025,8.464646115,9.107882955,7.214573972,1299.224025,2010,4,34.64018962
63.3,30.5,4,54,1010.2025,26.73577415,11.20141792,9.955280265,2713.044271,2010,4,127.4387608
63.3,30.5,1,36,1010.2025,7.80787686,9.153540439,7.246588002,1186.492138,2010,4,32.05810214
63.4,23.8,1,137,1111.88,11.75097026,12.92150557,9.548246886,896.1023326,2010,5,59.69180518
63.4,24.1,1,84,1090.4875,26.08215511,16.52991606,11.95201213,1215.380588,2010,3,159.0007446
63.4,24.4,1,39,1058.1375,4.893496046,7.663025026,6.355637039,1061.032954,2010,5,18.26713109
63.4,24.6,4,41,1058.1375,16.70732551,10.54301294,9.530972118,1913.760444,2010,4,76.7557216
63.4,30.3,4,54,1015.375,14.48468581,23.37857845,18.28996688,337.4294607,2010,2,117.8129772
63.4,25.2,1,35,1050.885,14.41461983,14.5994055,10.66603748,861.0789425,2010,2,80.05386917
63.4,29.7,1,37,1052.235,31.31537901,19.13633505,13.67298443,1088.805381,2010,3,213.4243323
63.4,28.3,1,33,1030.575,26.33867992,12.06824358,9.085103041,2302.586684,2010,4,128.6547173
63.4,28.3,1,38,1030.575,17.27411793,16.97389719,12.22919005,763.3836675,2010,3,107.309607
63.4,24.9,4,19,1051.725,7.763834574,9.14856783,8.619017266,1181.082316,2010,2,32.81218106
63.4,25.2,1,32,1050.885,15.99056856,12.86287036,9.570404018,1230.547095,2010,3,81.39446883
63.4,25.2,1,27,1050.885,19.09221889,7.795178321,6.449728679,4000.501287,2010,4,72.01983593
63.4,25.2,1,28,1050.885,4.148677886,12.67101805,9.424398257,329.0006952,2010,4,20.8588766
63.4,26.3,4,25,1051.9575,12.92505375,12.61941311,10.89883723,1033.389777,2010,3,66.60421222
63.4,26.9,2,70,1047.07,28.29792742,25.19984263,19.02834241,567.3735549,2010,2,252.1381721
63.4,28.6,1,69,1008.4175,19.1527001,15.29544738,11.1552759,1042.355251,2010,5,110.3382243
63.4,25.8,2,90,1050.0975,36.61786773,15.6791183,12.3480157,1896.530784,2010,3,224.5350063
63.4,26.9,4,44,1047.07,13.48775098,17.87237829,14.42305516,537.6318154,2010,2,88.94304131
63.4,28,1,26,1034.77,13.85730304,11.51505665,8.714756412,1330.628054,2010,3,65.50588259
63.4,28.3,1,27,1030.575,4.721574065,12.98443707,9.620236109,356.5748217,2010,3,24.13102718
63.4,22.7,1,84,1159.41,26.23094487,24.34661443,17.19414996,563.4389905,2010,4,216.6895898
63.4,22.9,1,26,1159.41,9.663890264,17.50706093,12.54892322,401.453845,2010,2,61.32108657
63.5,22.9,1,41,1164.4025,14.36498681,16.93575166,12.19560384,637.6852865,2010,4,89.03247471
63.5,30,1,59,1021.68,24.85463622,19.60162278,13.97811024,823.6324998,2010,3,172.5378193
63.5,30.2,1,62,1002.7875,18.07497534,20.71926056,14.72250481,536.0920022,2010,4,131.0386587
63.5,29.1,1,116,1025.05,17.12315049,30.36653869,21.31977553,236.4303409,2010,3,169.5822276
63.5,30,1,69,1021.68,20.82624042,21.93104869,15.54253462,551.3180331,2010,4,158.0129712
63.5,25.8,4,38,1040.8175,12.36369631,14.97317218,12.46077713,702.1514717,2010,3,71.63397161
63.5,28.3,2,132,1013.94,36.34729307,25.59870429,19.27519272,706.2301012,2010,2,327.2546613
63.5,28.6,1,40,1002.825,21.69987582,16.90881189,12.19295027,966.3649775,2010,4,134.4765455
63.5,28.6,1,37,1002.825,14.89757871,17.5766696,12.62164072,613.9777442,2010,4,94.99359101
63.5,29.1,1,29,1025.05,18.34700111,11.62304112,8.78531672,1729.161899,2010,4,87.27936524
63.5,29.1,1,52,1025.05,29.45495454,18.16748836,13.03177654,1136.262553,2010,4,192.8800417
63.5,25.5,1,61,1045.0225,15.35970176,19.04018576,13.59685618,539.4491827,2010,4,104.1903903
63.5,26.9,1,76,1045.74,38.16769254,16.69825329,12.08163034,1742.865748,2010,3,234.7698846
63.5,27.5,4,52,1038.855,33.37691949,10.66887018,9.597458064,3733.528823,2010,3,154.2228978
63.5,28.6,1,62,1002.825,22.82826603,18.38199843,13.16728233,860.1963479,2010,3,150.7732338
63.5,26.3,1,77,1044.1525,20.53898495,22.40933669,15.86852359,520.7521743,2010,4,158.5781355
63.5,27.2,1,35,1041.8875,30.58123921,12.89256804,9.611189762,2342.536327,2010,3,156.2036563
63.5,27.4,4,33,1038.855,18.64147635,7.403481134,7.518501987,4330.304883,2010,3,70.70376081
63.5,27.4,1,21,1038.855,5.582013717,7.911572567,6.476697046,1135.469273,2010,4,21.11699009
63.5,27.7,1,30,1033.475,14.41907885,14.64969521,10.71014533,855.4417796,2010,3,80.35066857
63.5,25.7,1,35,1040.8175,10.83404817,12.73102824,9.474490932,851.0869226,2010,4,54.70415219
63.6,22.4,2,55,1182.64,13.66634874,18.13897761,14.00280168,528.855479,2010,3,93.31450075
63.6,22.9,1,42,1173.675,29.91805183,10.27434213,7.966113343,3608.572061,2010,4,131.9445494
63.6,23.2,4,44,1143.68,18.73346374,12.53593417,10.8352122,1517.80087,2010,3,96.0394369
63.6,22.9,4,62,1173.675,14.58757676,21.40783331,16.88733944,405.2731609,2010,2,110.6166769
63.6,23.2,1,37,1143.68,16.5922948,18.2608024,13.07239357,633.5441137,2010,4,108.924014
63.6,23.5,1,86,1130.335,21.00339991,21.99579409,15.58498506,552.7394081,2010,3,159.7219837
63.6,23.5,1,141,1130.335,27.11025314,18.87278213,13.44005901,969.1072414,2010,4,182.0989481
63.6,24.1,4,45,1095.48,11.5024329,17.38359814,14.07377778,484.6413655,2010,3,74.20674841
63.6,30,1,42,1002.7875,1.313200422,14.32436965,10.49072942,81.48733086,2010,5,7.195808184
63.6,24.6,1,37,1077.57,5.603538444,8.017924523,6.54470224,1109.809779,2010,4,21.35743404
63.6,28,1,53,1011.61,18.38193751,19.57511129,13.95744355,610.7914154,2010,3,127.4461273
63.6,28.3,1,38,998.105,15.96059732,17.94976257,12.87006251,630.7276098,2010,4,103.4302642
63.6,28.3,1,35,998.105,35.17209564,11.69150442,8.906545455,3276.178592,2010,3,169.1707989
63.6,28.6,1,24,1002.825,7.342750252,11.3912722,8.623375494,720.4841245,2010,3,34.42434202
63.6,26.3,1,36,1044.1525,25.35788487,12.04228682,9.061444973,2226.410339,2010,4,123.6064101
63.6,26.9,1,49,1045.74,20.40053284,18.17822993,13.02481318,786.0468736,2010,3,133.5225988
63.6,28.6,1,28,1002.825,7.43209533,8.473355707,6.835176958,1317.98514,2010,3,29.23055842
63.6,28.6,2,133,1002.825,31,24.91666667,17.48191067,635.7581376,2010,3,250.9410256
63.6,24.9,1,34,1054.575,23.14256409,13.84554388,10.206708,1537.097985,2010,4,124.0415256
63.6,25.2,1,54,1054.425,36.22972338,25.84115685,18.23724491,690.7982562,2010,3,314.5589533
63.6,26.3,2,44,1044.1525,24.57696058,17.35927659,13.47993756,1038.424786,2010,1,162.4364335
63.6,28.3,1,80,998.105,22.91644258,19.32673497,13.79919714,781.1606129,2010,3,157.3841618
63.6,25.2,1,48,1054.425,28.67106486,18.44226057,13.21056156,1073.311133,2010,3,189.8827385
63.6,25.5,1,30,1047.8425,20.3132403,14.76615993,10.79249922,1186.189809,2010,3,113.9055772
63.6,25.7,1,57,1044.5825,29.21036075,14.43243363,10.59970168,1785.533083,2010,4,161.4291045
63.7,25.5,1,36,1049.31,38.43222949,15.27886382,11.16101255,2096.155889,2010,3,221.5132272
63.7,23.5,1,28,1135.1525,25.52557013,8.952090283,7.14931583,4055.427696,2010,4,103.7667156
63.7,23.5,2,83,1135.1525,34.99351927,20.08960667,15.39501426,1103.9639,2010,3,259.5420271
63.7,23.5,1,43,1135.1525,32.31257149,16.28774318,11.79913942,1550.814362,2010,3,194.9106205
63.7,30,1,21,981.3075,16.32041092,7.409579092,6.223714811,3784.897577,2010,3,60.03267549
63.7,29.2,4,42,977.3375,18.06672582,19.39535231,15.47561255,611.4968539,2010,1,126.8184588
63.7,29.2,2,32,977.3375,17.10538157,23.66107715,17.89880732,389.021731,2010,2,144.5051458
63.7,29.7,1,44,975.6475,17.53441008,7.704836065,6.393033899,3760.750073,2010,4,65.72940712
63.7,30,1,35,981.3075,7.673978897,15.71988901,11.39424997,395.3955421,2010,4,44.97657223
63.7,24.3,1,77,1084.785,18.93093164,25.17560779,17.75772196,380.2963679,2010,4,160.6957173
63.7,29.4,1,140,968.5975,14,20.85,14.26265866,410.0398214,2010,5,98.62884139
63.8,24.6,1,40,1083.68,15.71492587,18.921927,13.51247711,558.8454641,2010,3,106.046188
63.8,26.3,1,42,1039.2675,10.33886734,8.532459053,6.879971239,1808.150833,2010,5,40.85806795
63.8,26.6,1,34,1035.23,24.50140851,10.81009465,8.291712952,2669.575309,2010,3,111.4335237
63.8,28,1,85,979.9925,19.42718751,19.42883378,13.8730229,655.2795051,2010,4,134.0192463
63.8,28.6,1,48,983.75,17.54758516,18.11436769,12.98026115,680.8965282,2010,3,114.5225998
63.8,28.9,1,27,986.975,7.577853193,13.17261107,9.748778388,556.0483644,2010,3,39.14287965
63.8,29.2,2,26,957.37,18.76840932,10.93893686,9.130948278,1997.042713,2010,1,89.35205642
63.8,24.9,1,59,1083.685,12.57259233,14.41541841,10.57202755,770.3364498,2010,5,69.33040288
63.8,25.2,1,45,1059.885,18.37305411,21.08336986,14.96193817,526.2733977,2010,3,135.0105239
63.8,24.6,1,93,1083.68,19.09607632,13.89385608,10.2138807,1259.530441,2010,3,102.4022703
63.8,24.9,1,24,1083.685,8.956101072,8.72167698,6.969742286,1499.094839,2010,4,35.72849475
63.8,25.5,2,16,1053.7025,8.951764577,8.153342708,7.257285812,1714.539031,2010,2,35.59220784
63.8,25.5,4,56,1053.7025,40.96346852,18.08207279,14.56856522,1595.182641,2010,2,272.5487018
63.8,25.8,4,39,1045.4725,23.63342236,10.44612791,9.458600014,2757.566896,2010,2,107.8745082
63.8,26,1,82,1043.55,22.26773667,22.12363161,15.67874189,579.2597584,2010,3,170.1973614
63.8,28.3,4,26,969.4275,9.16337359,7.174944796,7.37666831,2266.357324,2010,3,34.25333291
63.8,26,4,33,1043.55,4.425615809,8.181530365,7.998352905,841.8112692,2010,3,17.61416496
63.8,26,4,75,1043.55,25.45385399,15.54708101,12.84452948,1340.805998,2010,4,151.4758061
63.8,24.1,1,67,1100.4425,31.05462865,14.05283368,10.37023043,2002.205483,2010,4,168.6162761
63.9,30.3,1,64,946.37,14.48637328,16.05179456,11.62618482,715.8509485,2010,4,86.32267811
63.9,30,1,23,939.8475,7.189462122,8.736625329,6.983084302,1199.275871,2010,3,28.72146247
63.9,26.6,1,43,1025.43,17.80038178,19.73036213,14.05756734,582.1961414,2010,4,124.1514606
63.9,26.9,2,51,1013.6375,30.66480142,14.49206385,11.54339597,1859.044552,2010,3,177.5419501
63.9,27.5,1,21,1006.98,4.128266354,6.177849338,5.490638705,1377.219627,2010,3,13.94574261
63.9,29.4,1,35,950.155,20.20846922,11.60392413,8.784634965,1910.881582,2010,3,96.13234008
63.9,24.3,1,81,1095.075,10.70781841,15.50280569,11.26694982,567.2709043,2010,4,62.18649036
63.9,24.9,1,40,1083.685,23.31691078,11.36454975,8.63611274,2298.670175,2010,3,109.4508851
63.9,24.9,1,136,1083.685,22.47749692,24.6071014,17.30903228,472.6472634,2010,3,186.682442
63.9,25.2,1,44,1079.84,11.21534106,7.87313335,6.495894516,2303.707781,2010,5,42.52221361
63.9,26.6,2,94,1025.43,28.39821945,22.87062273,17.34072656,691.2660845,2010,3,233.4409297
63.9,26.9,1,63,1013.6375,19.21903458,18.83413197,13.46524535,689.8433285,2010,3,129.3200418
63.9,29.2,1,70,957.37,12.35412085,12.53627313,9.377124274,1000.887056,2010,5,61.87482578
63.9,29.5,1,183,947.1175,28.04765247,28.52950903,19.97773277,438.7509203,2010,3,262.8786065
63.9,25.7,4,53,1045.4725,26.05060204,11.18458721,9.944740455,2651.477603,2010,4,124.0613155
63.9,26,1,95,1045,33.08613583,21.33017918,15.15377064,925.9065567,2010,4,245.7633587
63.9,26,1,92,1045,16.65127801,17.55170987,12.5947809,688.2065915,2010,4,105.9847286
63.9,28,1,43,970.5125,27.47199106,19.86653454,14.15841581,886.2495385,2010,3,192.762858
63.9,28.3,4,53,967.2075,28.09751427,16.92285352,13.77135121,1249.1967,2010,2,177.8357109
63.9,28.9,1,44,961.035,17.79839767,20.69657227,14.70300803,529.0469022,2010,4,128.888248
63.9,25.2,2,72,1079.84,26.47366153,23.52801674,17.81861043,608.9105372,2010,2,222.8371636
63.9,25.7,2,67,1045.4725,24.63248678,17.28138544,13.43080604,1050.174004,2010,1,162.3059337
63.9,26,1,77,1045,31.65816238,13.61170834,10.08367524,2175.557426,2010,4,168.0507519
63.9,28.3,2,52,967.2075,20.12299346,24.26813013,18.35006165,435.0408858,2010,3,173.74526
63.9,27.7,1,59,984.5475,21.72298821,17.03833542,12.28119904,952.7421037,2010,3,135.4252468
63.9,28,1,143,970.5125,13.25727987,25.27983403,17.73845808,264.1290118,2010,4,112.3917148
64,23.4,2,98,1168.37,32.26237448,23.35610047,17.6847733,753.0187275,2010,3,269.7456467
64,23.7,1,55,1161.3,23.41513955,17.92915841,12.85936203,927.4426425,2010,4,151.6352915
64,30.3,1,77,935.495,21.17818147,22.79530581,16.1360159,518.9289958,2010,3,165.8328894
64,30,1,34,941.215,25.3766966,9.994162041,7.793925706,3234.837229,2010,3,110.067269
64,30,1,40,941.215,3.430167639,10.60785791,8.124151258,388.1236228,2010,4,15.35499974
64,24.6,1,53,1096.115,24.63529943,13.45631792,9.962681984,1732.269605,2010,4,129.4991014
64,24.6,1,141,1096.115,22.69548865,18.26630029,13.07177122,866.0609766,2010,3,148.9815897
64,29.4,4,58,954.345,22.42435816,15.27920967,12.66645529,1223.005356,2010,3,131.8150005
64,29.7,1,32,953.5075,15.09374292,10.42538587,8.035750188,1768.165003,2010,4,67.00657519
64,29.7,1,33,953.5075,7.797847014,13.07105815,9.681052659,581.1166729,2010,4,40.05501922
64,29.7,1,59,953.5075,18.05960029,12.62326971,9.425881436,1443.02724,2010,4,90.82183022
64,24.3,1,128,1102.8075,16.19432602,22.30087166,15.68327346,414.6000212,2010,4,123.751729
64,24.9,1,76,1091.355,13.63251305,20.73294758,14.72671516,403.7977933,2010,3,98.85381155
64,26.9,1,42,1004.8575,23.06818115,21.54153455,15.27925873,632.9511542,2010,3,172.5291893
64,29.2,2,334,949.7025,28.48040126,19.02113379,14.50572648,1002.266978,2010,3,200.0832544
64,30,1,34,941.215,4.380114214,11.72070741,8.828394629,405.9643569,2010,4,20.91563127
64,25.7,1,83,1057.1425,36.44857499,19.76405306,14.11551673,1188.060754,2010,3,255.1258735
64,26.9,2,86,1004.8575,32.83846188,17.16282941,13.3559377,1419.433837,2010,2,215.3642691
64,28,2,36,970.6,6.534198911,8.067856063,7.221590987,1278.162838,2010,3,25.90021516
64,28.3,1,31,970.1075,29.50486147,13.19933807,9.809174805,2156.251397,2010,3,153.1832286
64,25.7,1,35,1057.1425,22.40735861,16.12665477,11.66909645,1097.01409,2010,1,133.9245321
64,26,2,76,1045.6875,26.82520936,16.23007003,12.72596291,1296.61921,2010,3,168.7995529
64,26.3,1,84,1030.205,19.83469803,15.46257454,11.25200995,1056.263078,2010,4,115.0713079
64,26.3,1,107,1030.205,21.98876224,18.34730274,13.11253539,831.6995139,2010,4,144.7092916
64,27.7,1,54,979.94,19.29400079,15.38486518,11.19451274,1037.874928,2010,4,111.4639472
64,27.7,1,27,979.94,10.1193511,9.009562518,7.154333397,1587.286698,2010,4,41.15519053
64.1,23.7,1,18,1170.1975,3.971875632,6.764318686,5.807753212,1105.24266,2010,3,13.92875744
64.1,23.7,4,62,1170.1975,40.46910113,17.78673701,14.34631263,1628.700048,2010,3,265.5497223
64.1,30.3,1,82,919.255,28.83010684,16.71339361,12.08366011,1314.095983,2010,4,177.3537101
64.1,24,1,45,1145.6825,34.31526211,11.69192747,8.861552354,3196.135731,2010,3,164.3701169
64.1,30,1,73,938.71,11.45466195,9.092952565,7.244361788,1763.934865,2010,5,47.02517002
64.1,30.3,1,91,919.255,26.18683559,16.09599058,11.6781093,1286.938287,2010,5,156.629594
64.1,24.3,1,78,1113.53,21.97828215,21.15451322,15.02307736,625.3134793,2010,4,162.0644173
64.1,24.3,1,88,1113.53,34.21300768,18.41656613,13.19939809,1284.351981,2010,4,226.4316814
64.1,24.6,1,18,1100.69,7.626998845,13.60138316,9.99789596,524.9254739,2010,2,40.19819834
64.1,29.8,1,58,953.9225,14.84828237,11.10326549,8.457540312,1533.503912,2010,4,68.5708637
64.1,30.3,1,79,919.255,9.213480299,13.33408624,9.875438337,659.7924032,2010,3,48.08996328
64.1,24.8,2,82,1085.8025,19.79786646,23.51966974,17.81210539,455.686404,2010,3,166.5907158
64.1,25.1,1,50,1070.28,41.23281664,17.5825254,12.81882609,1698.206953,2010,1,266.5101648
64.1,25.4,2,98,1059.2875,27.43315719,24.53944639,18.5325147,580.0379231,2010,3,238.8458316
64.1,25.7,1,94,1058.4425,32.52612118,17.03536175,12.27108301,1427.051589,2010,2,202.6299807
64.2,25.4,1,54,1058.655,31.2594462,18.31719506,13.13213688,1186.242441,2010,3,206.0062773
64.2,25.7,1,44,1058.4425,24.7091747,18.50833156,13.25786291,918.4041059,2010,3,164.133247
64.2,27.4,4,60,1010.085,18.64934768,13.91250695,11.75211818,1226.769515,2010,3,102.629745
64.2,28,2,22,972.915,19.89196541,11.00776342,9.182001973,2090.208646,2010,1,95.14267625
64.2,28.9,1,44,949.765,41.35384678,20.6816916,14.81372222,1230.988278,2010,3,301.4946129
64.2,25.7,1,82,1058.4425,17.42671576,13.08321689,9.723633994,1296.273325,2010,4,89.84059807
64.2,27.5,1,77,993.21,9.725789286,10.04865176,7.82108403,1226.363972,2010,5,42.29494533
64.2,27.7,1,126,1010.01,20.01901073,18.56993171,13.22722753,739.1492111,2010,4,132.6870821
64.2,30.3,1,37,913.0375,19.28037026,14.73857201,10.7811391,1130.09427,2010,4,108.0237786
64.2,30.1,1,40,935.32,15.8043718,11.5819526,8.763366351,1500.112362,2010,3,75.03749319
64.3,24,2,76,1162.555,15.23658484,8.970407667,7.833945789,2410.867777,2010,3,64.26501975
64.3,29.7,1,211,948.1825,22,31.70833333,21.22872441,278.603116,2010,4,216.204416
64.3,30.1,1,39,921.8425,12.11634694,7.841210089,6.469380181,2509.086531,2010,3,45.80365328
64.3,29.2,1,49,940.8775,21.1364641,20.07077825,14.29033826,668.0577858,2010,3,149.4602632
64.3,29.5,1,29,933.8025,16.69417984,8.007548134,6.57745272,3314.943193,2010,4,63.86282849
64.3,29.8,1,63,953.22,20.82357447,13.71096651,10.12921814,1410.35765,2010,4,110.9322713
64.3,26,1,48,1051.445,24.36612684,14.07835118,10.35756788,1565.283585,2010,3,132.1559221
64.3,28,1,33,986.665,18.70412233,9.551684163,7.507004985,2610.282704,2010,3,78.85446083
64.3,28.3,1,50,952.2875,26.01149384,14.55985749,10.67611556,1562.288244,2010,3,144.5879628
64.3,28.9,1,38,935.86,28.29900297,16.59883626,12.00220442,1307.753743,2010,3,173.1147073
64.3,26.3,1,64,1027.3375,20.75440526,10.86630577,8.346624249,2237.981893,2010,5,94.88104026
64.3,26.3,1,69,1027.3375,16.74740727,13.0202589,9.690932119,1257.819897,2010,5,86.10856574
64.3,27.8,2,42,984.715,31.35844755,10.85363912,9.11036639,3389.330486,2010,3,149.1502941
64.3,28.3,1,49,952.2875,22.10097644,19.49743048,13.90497031,740.2302336,2010,3,152.7495374
64.3,27.8,4,36,984.715,35.98931084,12.69491401,10.95851852,2843.309407,2010,1,186.3545681
64.4,24.2,4,75,1161.565,15.77054833,7.880135409,7.80363788,3233.624241,2010,2,61.56306339
64.4,24.5,1,85,1124.3425,11.57840921,14.75698515,10.78344399,676.9611299,2010,4,64.88040069
64.4,29.5,2,130,933.8025,24.72851898,19.262342,14.7529886,848.5746364,2010,3,176.5504773
64.4,25.1,4,36,1072.92,24.55996065,12.61540903,10.88690888,1964.875841,2010,3,126.4293933
64.4,25.7,1,74,1062.7875,29.71092268,11.60844242,8.810860887,2807.232317,2010,4,141.6771518
64.4,28.6,1,86,936.735,21.89651458,10.14895091,7.887270093,2706.716719,2010,4,95.83677595
64.4,29.5,1,81,933.8025,26.13317594,14.36485326,10.55907803,1612.500742,2010,4,143.9759058
64.4,25.1,1,77,1072.92,25.88472947,22.98043191,16.26202226,624.0758478,2010,3,204.0185814
64.4,26.3,1,95,1024.54,28.6804755,22.33189361,15.80990077,732.2263702,2010,4,220.7438003
64.4,26.3,4,39,1024.54,26.32597201,9.471603605,8.829087702,3736.349603,2010,3,113.4775278
64.4,28.6,2,110,936.735,16.52223121,10.09118518,8.540649331,2065.82944,2010,3,74.49627914
64.4,26.6,1,72,1011.65,18.21430171,24.09192442,17.01258026,399.5578437,2010,3,149.1201954
64.5,29.5,4,63,917.28,22.29301715,19.42617292,15.49814021,752.1500146,2010,1,156.6887191
64.5,29.8,1,148,926.28,21,32.57777778,20.85087229,251.9338365,2010,4,202.4720453
64.5,24.5,1,99,1137.21,20.27645336,21.11760097,14.96605504,578.9125343,2010,4,149.0208102
64.5,24.6,1,129,1137.21,21.42021412,16.7988982,12.0869669,966.4342882,2010,4,131.7745363
64.5,25.1,1,85,1080.825,26.80863837,24.0261204,16.98015025,591.3132039,2010,3,219.1398263
64.5,25.7,1,77,1068.1225,33.82892238,17.9935759,12.94187655,1330.342061,2010,3,220.2731815
64.5,25.7,1,103,1068.1225,13.33854552,20.53223897,14.57355033,402.8524169,2010,5,95.87199759
64.5,28.6,1,27,927.4675,10.84005339,12.30010233,9.204046283,912.2714642,2010,4,53.49171508
64.5,25.4,4,47,1076.9725,20.09729695,12.8766023,11.06190681,1543.281689,2010,3,104.9013425
64.5,26,1,61,1042.115,14.11303628,13.28560997,9.839500004,1018.046416,2010,4,73.44713925
64.5,27.7,1,28,974.7175,7.674157675,7.06407887,5.996619519,1958.076962,2010,4,27.5074568
64.5,28.3,1,19,936.7275,7.534709199,12.99916965,9.661232217,567.7346365,2010,3,38.64349518
64.5,25.7,1,48,1068.1225,17.14845854,13.11008479,9.726992936,1270.35238,2010,3,88.42633892
64.5,27.5,1,104,977.94,18.71240867,23.15775118,16.34642501,444.2700591,2010,4,148.1111329
64.5,27.5,4,50,977.94,38.27305898,15.39283406,12.72439722,2056.677127,2010,3,225.8393308
64.5,27.5,1,59,977.94,9.222341102,14.20838934,10.43862048,581.649825,2010,5,50.33548207
64.6,24.8,4,49,1113.215,34.2988575,12.73901702,10.95844179,2691.026266,2010,3,177.552831
64.6,29.2,1,57,911.1125,6.469051174,16.40596403,11.84745193,306.0181569,2010,4,39.14876689
64.6,24.8,1,79,1113.215,28.75065045,20.08469514,14.30565835,907.4596115,2010,3,203.4886794
64.6,25.4,1,40,1082.52,5.704033378,6.687273113,5.799973235,1624.030032,2010,5,19.98651327
64.6,25.4,1,72,1082.52,21.4176365,13.24215983,9.828351124,1555.120373,2010,4,111.3669466
64.6,28.3,1,40,936.7275,16.59735083,14.20891969,10.43523401,1046.710964,2010,3,90.56327977
64.6,29.2,1,60,911.1125,11.16220467,14.29273586,10.48553281,695.7117928,2010,4,61.14311924
64.7,25.4,1,80,1088.5,39.56499138,19.5080791,13.9388819,1323.707953,2010,3,274.0355665
64.7,26.3,1,99,1033.6075,29.33717549,16.89394807,12.17653033,1308.778367,2010,3,181.5992213
64.7,26.3,4,44,1033.6075,13.4797292,11.01189654,9.83047084,1415.360404,2010,2,63.56650677
64.7,26.9,1,91,982.125,27.00928296,23.41376899,16.54958201,627.3075507,2010,4,216.0417351
64.7,27.5,1,58,933.54,6.002869752,13.23040748,9.789745818,436.6390757,2010,4,31.11205759
64.7,27.7,1,90,913.235,18.65670833,26.12873566,18.42857745,347.9431975,2010,4,163.413205
64.7,28.1,2,229,912.96,16,25.03636364,15.09104618,325.003172,2010,3,109.1091808
64.7,25.7,4,64,1062.12,31.01095441,15.09058004,12.52890789,1733.857434,2010,2,180.5194702
64.8,24.8,1,71,1129.6775,19.97524583,9.690289643,7.602743871,2708.499344,2010,4,85.02372976
64.8,29.5,1,44,889.1625,4.231622468,16.07302457,11.61975049,208.5555808,2010,3,25.20244733
64.8,25.1,4,69,1124.0775,11.79222793,18.05967429,14.54910527,460.3478899,2010,2,78.36221594
64.8,28.3,1,49,895.09,17.45016843,15.79764075,11.46711369,890.2772479,2010,3,102.8177526
64.8,24.8,4,61,1129.6775,10.79676894,17.6778392,14.29571216,439.8914971,2010,4,70.64505459
64.8,26,1,53,1055.1475,9.347896203,9.680665103,7.559797737,1270.028912,2010,4,39.61500083
64.8,27.7,4,56,905.19,19.03991894,21.46954196,16.93377822,525.932072,2010,3,144.7339587
64.8,28.9,1,44,903.23,21.55170251,11.22295637,8.553972085,2178.598263,2010,4,100.4161533
64.8,27.2,1,76,951.7775,21.31138561,14.31348664,10.52670402,1324.435863,2010,5,117.1197032
64.8,27.8,1,59,905.19,29.03012897,14.33825565,10.54283118,1797.903776,2010,4,159.7372066
64.8,28.1,4,43,903.4075,25.10695622,15.51307831,12.84148566,1328.336831,2010,3,149.4131484
64.9,25.1,4,49,1136.1675,15.42006062,8.726752991,8.350495854,2578.047012,2010,3,63.5201146
64.9,28.4,2,160,887.275,27.90767399,18.454404,14.18479297,1043.358869,2010,3,192.5610279
64.9,29.5,4,33,889.1625,3.992209433,7.29965112,7.447827311,953.9359751,2010,1,15.03265999
64.9,25.4,4,24,1111.45,11.61565864,8.916466541,8.462402823,1860.237482,2010,2,48.36375589
64.9,25.7,2,78,1065.7825,6.629994794,14.27142039,11.33815739,414.4659976,2010,2,37.76117758
64.9,26,1,150,1049.0825,14.51698906,19.76096755,14.00018599,473.3367863,2010,4,100.8757372
64.9,27.8,4,26,905.035,29.0219109,7.369719527,7.490493709,6803.528417,2010,3,109.7601941
64.9,28.1,1,86,893.2925,10.7525136,10.43404045,8.042235347,1257.520538,2010,4,47.76398477
65,25.7,1,54,1086.875,26.97355519,19.27839225,13.76275714,924.0738597,2010,3,184.8361665
65,26,1,104,1036.255,10.22389393,11.32741718,8.579127711,1014.52946,2010,5,47.73924977
65,26.3,1,96,1005.03,22.56615877,23.08833268,16.31637297,538.9923672,2010,4,178.3494221
65,26.3,1,68,1005.03,25.08155679,9.55949948,7.547151542,3494.574473,2010,5,106.1771402
65,26.9,1,69,975.895,19.17000199,16.15430963,11.70290685,935.3097707,2010,4,114.8546616
65,27.8,4,52,905.035,19.99855162,15.13949538,12.57507918,1110.927871,2010,3,116.8099629
65,27.2,1,47,960.9825,20.48546927,15.43761289,11.23514985,1094.449538,2010,4,118.7008982
65,28.1,1,42,900.91,17.26946678,17.50158496,12.57986886,717.8509599,2010,4,109.8191153
65,26.6,1,113,987.2475,9.797788231,11.39872445,8.596630409,960.120309,2010,3,45.8183079
65.1,29.3,1,94,859.4225,20.69900805,19.00130605,13.56722301,729.9493829,2010,4,140.1517597
65.1,29.6,1,151,869.0925,26.40017922,23.49468619,16.55434298,608.9444775,2010,3,211.1794276
65.1,29.3,1,69,859.4225,12.27503472,15.5584663,11.30799967,645.65316,2010,4,71.5018305
65.2,25.4,1,115,1102.7525,29.68391116,20.73457661,14.70623127,879.1053002,2010,4,214.9790862
65.2,25.7,1,64,1062.105,32.03847416,13.22087544,9.832819472,2333.788612,2010,4,166.6639359
65.2,26,1,90,1036.0375,22.67691939,12.45841783,9.33794515,1860.237482,2010,5,113.202939
65.2,26.6,1,61,972.6725,9.962065699,18.51680759,13.24395322,369.9365929,2010,3,66.11144792
65.2,28.7,4,21,849.8025,8.074687788,9.531014511,8.879457516,1131.768484,2010,3,34.97130356
65.2,27.2,1,93,948.635,22.10928843,16.59152462,11.97538731,1022.615315,2010,3,134.9901987
65.3,29.3,1,20,847.905,1.896220445,9.363825788,7.353049331,275.3545728,2010,4,7.870199986
65.3,26,1,74,1022.6175,24.93696874,17.69269522,12.71839064,1014.298509,2010,3,160.0303444
65.3,26,1,77,1022.6175,18.59996876,19.29963729,13.77315238,635.805147,2010,4,127.5346969
65.3,26.8,1,69,979.66,23.19423606,16.24166583,11.76965948,1119.512766,2010,3,139.621346
65.3,27.5,1,87,926.895,18.14994907,17.36375027,12.48710774,766.4758345,2010,4,114.7126294
65.3,27.5,1,17,926.895,7.248145138,10.23404599,7.914268523,881.134633,2010,3,31.80407158
65.3,29,1,111,841.695,24.10491896,23.1904887,16.3825807,570.6843891,2010,4,191.1591521
65.3,26,1,86,1022.6175,16.77631567,14.28547839,10.48428065,1046.687725,2010,4,91.88771452
65.3,26,1,61,1022.6175,25.81777583,15.60315598,11.35121981,1350.218469,2010,3,150.8659124
65.3,28.1,2,159,885.6625,32,28.65333333,19.88324468,496.2605961,2010,3,288.3720152
65.4,29.3,1,43,845.54,16.92260195,15.26644006,11.12273644,924.4889066,2010,4,97.25364305
65.4,29,1,42,843.7025,6.682805043,10.59895999,8.130220759,757.4298303,2010,4,29.93355141
65.4,29.6,1,78,850.225,14.06917015,19.29774124,13.77335938,481.022779,2010,4,96.47004568
65.4,29.6,1,82,850.225,13.06442526,17.30899409,12.466986,555.2093459,2010,5,82.46552102
65.4,25.4,1,42,1070.79,18.97065558,16.09735305,11.65416354,932.1450971,2010,3,113.2665823
65.4,25.4,4,47,1070.79,24.41823396,14.33379901,12.02557487,1513.21887,2010,2,137.1069284
65.4,26,1,46,1022.6175,22.79482176,14.65738434,10.72192633,1350.931622,2010,1,127.1412352
65.4,27.8,1,73,915.085,21.23679329,15.34929916,11.18580325,1147.683022,2010,4,122.6160743
65.4,28.1,1,26,880.445,14.05681251,11.47684509,8.691733439,1358.788715,2010,3,66.31193463
65.4,29,1,80,843.7025,13.3907012,16.7338341,12.07977012,608.8671169,2010,4,82.34826306
65.4,25.7,1,81,1036.1625,32.34800829,16.16071294,11.72579979,1577.017934,2010,4,194.1337184
65.4,27.2,1,22,943.8675,7.141840751,5.812518422,5.314011242,2691.482721,2010,4,23.62006877
65.4,28.4,2,207,848.5875,19,21.88823529,14.53645996,504.9428448,2010,3,129.0048336
65.4,28.7,1,41,836.585,18.56265056,12.1436398,9.129113909,1602.700431,2010,3,91.01718578
65.4,27.2,1,29,943.8675,10.32405032,7.791765546,6.435027948,2165.152441,2010,4,38.88010212
65.5,29,1,24,837.89,6.808546285,11.90261446,8.953297885,611.8990507,2010,3,32.87355381
65.5,25.4,1,126,1053.6375,13.84308648,15.80510775,11.38206975,705.5830332,2010,3,81.0423189
65.5,25.4,1,165,1053.6375,15,19.54666667,13.5986829,499.8687231,2010,4,101.6325874
65.5,25.6,4,48,1015.3625,37.82231001,14.88056243,12.38061575,2174.80076,2010,1,217.8530424
65.5,25.6,1,94,1015.3625,25.99153906,13.80133841,10.1809319,1737.399551,2010,4,139.0293527
65.5,27.5,1,32,906.4425,1.190669848,16.36767289,11.80653634,56.58842421,2010,4,7.184687795
65.5,28.4,2,71,855.7725,18.5059801,12.52567197,10.2117183,1501.827808,2010,3,96.63538784
65.5,27.5,2,186,906.4425,21.25156494,18.62876888,14.23438225,779.7093203,2010,3,146.8790862
65.5,26.6,4,72,954.1125,13.2249002,12.72876893,10.9639812,1039.273172,2010,2,68.49830206
65.7,25.9,1,58,973.875,9.170892581,17.16912025,12.3425652,396.1189695,2010,3,57.40376529
65.7,27.8,1,164,854.1075,20,21.28823529,13.50333269,561.9022757,2010,3,134.0700072
65.7,28.4,1,79,834.8075,15.31403651,15.47657238,11.26660081,814.0484062,2010,4,88.9405669
65.7,28.4,1,70,834.8075,16.27315076,14.86645516,10.86696804,937.4905871,2010,4,91.76587231
65.7,26.5,1,60,937.9675,12.10189189,17.52803679,12.59292726,501.5299061,2010,4,77.02261528
65.7,26.6,4,51,937.9675,15.23627867,17.09153785,13.8964066,664.0896991,2010,4,97.22155926
65.7,26.9,1,57,917.1825,11.0464625,13.3958868,9.909314211,783.7731885,2010,4,57.81467886
65.7,26.9,2,22,917.1825,2.019652645,9.332184424,8.04414106,295.270579,2010,3,8.688258736
65.7,27.5,2,174,878.9475,13,32.85,17.84495436,153.3849408,2010,3,98.3628435
65.7,26.9,2,197,917.1825,14,19.35454545,14.04845913,475.852332,2010,3,94.42908185
65.7,24.7,2,80,1062.4175,20.03156498,22.57856385,17.13403815,500.302151,2010,1,162.9662256
65.8,24.7,1,27,1062.4175,22.44540347,9.283169344,7.347097283,3316.232637,2010,3,93.11413224
65.8,24.7,1,20,1062.4175,4.756840053,10.57737576,8.099575575,541.3433438,2010,3,21.24390882
65.8,29,1,98,795.3775,17.22985121,17.19399714,12.36173166,742.0581604,2010,3,107.9870491
65.8,29,1,90,795.3775,8.938899507,15.50411992,11.24986968,473.4781433,2010,4,51.84564963
65.8,29.5,1,95,803.075,10.66026288,15.59428962,11.30804364,558.1447473,2010,4,62.0907978
65.8,24.7,1,57,1062.4175,26.83774558,13.89319139,10.24995229,1770.321375,2010,3,144.3449066
65.8,25.5,1,64,976.3325,21.01979987,14.01071738,10.32039964,1363.383236,2010,4,113.6781992
65.8,25.5,1,42,976.3325,5.175881679,8.099943998,6.601349796,1004.454864,2010,4,19.85014999
65.8,25.5,1,56,976.3325,12.47630413,8.897804342,7.101473696,2006.459363,2010,4,50.46557822
65.8,25.5,1,45,976.3325,5.236317798,10.96555111,8.343248025,554.4663426,2010,4,23.92597932
65.8,26.4,1,74,931.865,12.42884106,11.71234876,8.849850745,1153.593395,2010,4,59.46768294
65.8,26.9,1,89,900.9425,16.69776382,20.56801272,14.6135856,502.5551968,2010,4,120.3001204
65.8,27.2,1,34,894.3525,18.04767462,13.17057081,9.775878782,1324.714152,2010,4,93.4403822
65.8,27.2,1,97,894.3525,25.47235343,19.07051046,13.61653116,891.7734836,2010,4,172.9961995
65.8,27.5,1,68,878.9475,23.02513017,15.64997872,11.38627239,1196.97398,2010,4,134.8893852
65.9,27.5,1,71,857.56,10,16.425,10.84258913,471.9536641,2010,5,56.07711045
65.9,27.5,1,68,857.56,10.51202719,8.118580482,6.641062451,2030.656162,2010,4,40.49219854
65.9,27.5,1,77,857.56,11.31293427,16.53656818,11.95450826,526.7379521,2010,5,68.97674081
65.9,24.2,2,119,1047.64,30.53273236,19.17497079,14.71363729,1057.319805,2010,3,217.5733546
65.9,24.2,2,48,1047.64,13.92555128,15.331049,12.0856616,754.360209,2010,4,83.79203153
65.9,29,1,71,795.3775,19.85880734,14.85825962,10.86920165,1145.321455,2010,3,112.0074765
65.9,29.5,1,70,847.7175,19.84851653,18.43753891,13.208658,743.4166304,2010,4,131.4376166
65.9,25.1,2,67,992.84,30.57605945,15.74233343,12.38864091,1570.91765,2010,2,188.005883
65.9,28.6,1,103,805.26,9.421839749,10.96353595,8.332694446,998.032173,2010,3,43.00721659
65.9,29.5,2,79,847.7175,16.03334912,12.72203554,10.34016014,1261.308025,2010,3,84.59372943
65.9,26.4,1,78,918.0525,20.65218894,17.62401477,12.67134964,846.5770916,2010,4,132.1260685
65.9,26.8,1,51,900.9425,10.19351188,12.18805121,9.136830736,873.706187,2010,4,50.01125542
65.9,26.9,1,103,900.9425,23.79626354,23.41222499,16.53610364,552.7560575,2010,3,190.2016627
65.9,27.7,1,35,835.8675,17.3920438,13.93066296,10.26432574,1141.082826,2010,3,93.64451106
66,27.7,4,65,822.1275,12.40326819,17.43238082,14.13009374,519.6762189,2010,2,80.32443713
66,27.7,1,88,822.1275,14.07263658,11.58726371,8.771282059,1334.516074,2010,4,66.86364485
66,26.4,1,68,903.975,15.91044496,14.93801085,10.92380609,907.8349601,2010,5,90.10574111
66.1,24.2,1,87,983.8375,23.99413206,12.13489613,9.122319712,2074.641384,2010,3,117.5794057
66.1,24.2,1,51,983.8375,15.92544801,14.42159874,10.56469228,974.9334288,2010,3,87.76652092
66.1,25.1,4,49,983.295,13.68852532,13.42551722,11.42807945,966.9515863,2010,3,73.50849093
66.1,29.1,1,146,782.6525,12.27633024,17.34633712,12.33800364,519.4731629,2010,4,76.78383606
66.1,28.2,1,81,811.2875,10.40951091,17.56071109,12.62338215,429.7899414,2010,4,66.38628424
66.1,26.8,1,226,885.7925,16,18.64615385,12.93933312,585.9378791,2010,3,103.9955008
66.1,27.3,1,56,856.42,10.41575555,9.47394885,7.454050233,1477.538568,2010,4,43.67815829
66.1,26.4,1,98,892.245,21.24209996,13.52483025,9.989081209,1478.576914,2010,4,111.8930477
66.1,27.3,1,57,856.42,9.745926595,12.71443005,9.486664123,767.6079444,2010,4,49.26401057
66.1,27.3,1,68,856.42,21.19513577,13.16404072,9.782666069,1557.284235,2010,4,109.8011979
66.3,24.6,4,49,941.19,10.83585992,10.95251041,9.793321422,1150.127934,2010,2,50.93549041
66.3,29.1,1,57,794.1975,11.36270845,11.61074578,8.785448491,1073.177973,2010,3,54.05608157
66.3,25.1,2,192,944.305,21.37087282,20.99295441,15.89345215,617.4264821,2010,3,162.5470647
66.3,25.5,1,22,956.2825,1.89125076,6.326046639,5.568941848,601.7200117,2010,4,6.448665202
66.3,29.5,1,217,778.435,19.36921049,17.08466766,12.19052909,844.9071144,2010,3,119.9612534
66.3,29.5,2,175,778.435,20,24.02142857,17.86793618,441.3086612,2010,3,167.8818849
66.3,26.4,1,37,894.55,21.46533731,13.7652633,10.16367883,1442.377005,2010,3,114.664155
66.3,27.7,1,174,798.945,14,21.96153846,13.65045817,369.5835509,2010,4,94.58726873
66.3,27.3,1,88,847.8575,12.59650786,17.39629562,12.49465378,529.9644307,2010,4,79.64906296
66.5,23.7,1,42,930.1775,16.61886516,12.50658553,9.348449924,1352.801163,2010,4,83.0296639
66.5,24.6,1,32,929.7125,13.83959638,10.7471312,8.228695124,1525.627265,2010,2,62.56880497
66.5,24.6,1,66,929.7125,9.644142129,11.52250288,8.723090832,924.868674,2010,4,45.62417259
66.5,29.1,2,70,767.89,15.08683998,12.1926998,9.980886929,1292.137233,2010,2,77.28611905
66.5,25.9,4,70,917.895,14.91388792,11.16199011,9.940350626,1524.114964,2010,4,71.00357209
66.5,26.4,1,50,881.8475,29.06930197,16.45039839,11.90986488,1367.70326,2010,3,176.7025881
66.5,27.7,1,34,839.4225,24.01601455,11.53425991,8.754289236,2298.431631,2010,3,113.9407534
66.5,27.3,1,81,834.7025,16.36916168,9.296846573,7.371412223,2411.377638,2010,4,68.07795196
66.5,26.9,1,63,858.345,15.36947643,14.02332569,10.32208023,995.1009733,2010,4,83.12947188
66.5,27.3,1,126,834.7025,18.3205632,17.80742067,12.73212544,735.608777,2010,3,117.6483036
66.5,27.3,4,47,834.7025,27.94327059,10.16419309,9.277177327,3443.828704,2010,2,125.4951253
66.6,24.1,1,106,941.23,10.03305101,8.460228567,6.801171095,1784.756393,2010,4,39.31451973
66.6,24.1,1,38,941.23,8.847449228,9.24504101,7.297480812,1317.98514,2010,3,36.51562243
66.6,24.6,2,197,918.1075,26.02566021,14.65244076,11.54654417,1543.447727,2010,3,150.3795788
66.7,25,1,70,897.01,21.20976694,18.27266192,13.10129809,808.8022991,2010,3,139.5032496
66.7,25,1,56,897.01,15.54731697,12.63513991,9.432388197,1239.953678,2010,3,78.23017347
66.7,25.9,2,104,898.315,22.95802457,11.74530624,9.66849708,2118.926757,2010,3,114.5258498
66.7,25.9,1,87,898.315,11.5679753,9.787461544,7.647069455,1537.543225,2010,4,49.45299194
66.7,26.4,1,286,864.1725,27,29.12777778,17.04811513,405.1904282,2010,3,218.4562048
66.7,27.8,1,110,844.1375,21.22043753,16.55135,11.936259,986.2740523,2010,4,129.2084518
66.7,28.2,1,78,816.5525,13.54552369,10.7917324,8.283836164,1480.892671,2010,4,61.56112095
66.7,28.2,1,67,816.5525,12.53660539,10.00839819,7.793251204,1593.532494,2010,4,54.37035506
66.7,26.4,2,111,864.1725,13.88692152,20.42293969,15.56378167,423.9157871,2010,3,103.852905
66.7,26.9,1,78,831.42,21.71347255,12.92419428,9.637864187,1655.131283,2010,4,111.1566847
66.7,27.8,1,142,844.1375,16,20.81428571,14.39979602,470.2264756,2010,3,113.694524
66.7,28.2,1,44,816.5525,30.9297974,15.34610327,11.19677094,1672.210558,2010,3,178.7325491
66.7,26.4,2,128,864.1725,19.52802112,15.13525331,11.90762851,1085.397875,2010,3,115.9153615
66.8,24.6,1,71,905.96,11.86711751,12.20057518,9.156419895,1015.067097,2010,4,58.32314549
66.8,25,1,165,889.6375,9,34.725,15.40976908,95.03161705,2010,4,65.42205976
66.8,25.5,1,58,887.5825,18.95395218,5.978587482,5.44613461,6751.693554,2010,4,63.69564291
66.8,28.2,1,28,802.1725,15.67739308,13.5073564,9.990180412,1094.06531,2010,3,82.59168614
66.8,28.6,1,91,789.115,24.63609639,15.46398487,11.25864539,1311.714082,2010,3,142.99855
66.8,27.3,4,48,828.7475,6.509270529,18.14171261,14.61047264,251.8174805,2010,1,43.4201262
66.8,27.8,1,73,830.23,18.45882602,12.05988108,9.082257716,1615.950839,2010,3,90.14298711
66.9,26.4,1,77,825.49,21.56047492,19.16485201,13.69295594,747.407586,2010,4,147.1210419
66.9,26.9,1,65,809.54,14.01565946,9.796144227,7.658587452,1859.573354,2010,3,59.98614184
67,25.4,1,77,857.84,7.683612899,16.13446017,11.68888211,375.8086023,2010,5,45.98990131
67,25.5,1,71,863.0475,9.083838834,11.02470798,8.410162881,951.5800966,2010,4,41.76783623
67,28.2,1,53,782.7375,10.98377041,17.71178892,12.71348674,445.7965564,2010,4,70.46006174
67,28.7,4,45,783.925,25.95163442,8.980639829,8.515081661,4096.946331,2010,2,108.6039377
67,28.7,1,38,783.925,22.03805563,12.46298669,9.338922783,1806.504846,2010,3,110.022169
67,26.4,1,96,823.1025,19.17916221,11.9483296,8.994067221,1710.508995,2010,4,92.93767239
67.2,23.6,2,40,891.0575,8.001252753,11.45602672,9.459817322,776.2472457,2010,2,39.19131929
67.2,24,1,92,875.545,29.83369909,24.30475795,17.16667345,643.0350163,2010,3,246.1203119
67.2,24.1,1,129,875.545,12.22213688,11.18505415,8.447945047,1243.887431,2010,4,56.38241937
67.2,25,1,35,855.8,7.446865929,14.8727887,10.85336087,428.6460614,2010,4,41.94816049
67.2,28.7,1,106,758.0625,21.06799093,14.42494099,10.56953754,1289.15504,2010,4,116.1517773
67.2,25,1,64,855.8,33.18368514,16.53277488,11.97000232,1545.764142,2010,3,202.5554487
67.2,27.8,1,35,803.715,13.45114678,11.10977611,8.473720299,1387.58251,2010,3,62.21343278
67.2,27.8,1,91,803.715,7.810232221,9.857575016,7.67788589,1023.372834,2010,4,33.4891709
67.2,27.8,1,231,803.715,17,23.45454545,15.27869135,393.4639962,2010,4,126.5036112
67.2,28.2,1,25,785.815,9.81562687,10.41218511,8.030146909,1152.774599,2010,3,43.55216719
67.2,28.7,1,102,758.0625,25.42794102,16.90596516,12.18821033,1132.76905,2010,3,157.5275584
67.2,25.9,1,51,815.465,23.36675826,18.67079677,13.36691901,853.4594286,2010,3,156.2784917
67.4,24.5,1,76,839.505,9.078887063,23.56928764,16.62550856,208.0893335,2010,4,72.89221633
67.4,29.6,2,273,708.4625,9,26.17142857,14.26558676,167.3007044,2010,3,56.78772936
67.4,24.5,1,38,839.505,13.0359356,16.6858045,12.03868819,596.153397,2010,3,79.93895718
67.4,25,1,92,840.1725,18.81773612,21.01204672,14.91526076,542.6762025,2010,3,137.9169991
67.4,25.4,1,74,830.2375,10.24014072,12.82229106,9.552328828,793.0211702,2010,4,52.04679256
67.4,28.7,1,248,739.7425,21,30.02307692,16.22553132,296.6326937,2010,3,162.0526768
67.4,28.7,2,203,739.7425,13,20.12222222,14.69176607,408.7912481,2010,3,91.35639844
67.4,29.1,2,27,722.145,2.502179552,15.65929743,12.29932256,129.9224025,2010,3,15.28013479
67.4,25,1,65,840.1725,14.55471129,16.96023617,12.22537113,644.2433183,2010,4,90.39462412
67.4,27.3,1,59,796.8125,6.56745342,18.46577694,13.20806402,245.2290691,2010,4,43.48514154
67.4,27.8,1,69,789.1075,12.05193592,9.373292529,7.406621194,1746.556303,2010,4,50.30031206
67.4,28.7,2,288,739.7425,11,28.74444444,16.83506239,169.5098601,2010,3,81.47277078
67.4,26.8,1,110,817.22,10.67884298,16.82337541,12.08710942,480.4055839,2010,4,65.69172444
67.4,27.8,1,84,789.1075,18.43471547,14.82575146,10.84682899,1067.857069,2010,4,103.8006599
67.4,28.7,1,152,739.7425,6,35.36666667,15.93258787,61.07635498,2010,4,44.86394842
67.5,24.5,1,76,830.7525,10,20.8375,13.51152568,293.2370845,2010,5,67.14908739
67.5,24,1,90,837.235,17.30496038,21.34955525,15.13821407,483.3960124,2010,4,128.4161191
67.5,29.2,1,25,735.9575,7.003577712,6.233196327,5.556115361,2295.136176,2010,4,23.84568484
67.5,29.2,1,25,735.9575,8.222726871,6.965451505,5.965811348,2157.880734,2010,4,29.37125858
67.5,29.2,1,26,735.9575,5.046359409,10.44580807,8.047264516,588.8493674,2010,4,22.42713876
67.6,25.9,1,101,807.69,12.03032887,11.64977028,8.785475344,1128.633391,2010,4,57.22774098
67.6,26.4,1,43,795.36,16.45088502,12.88037312,9.593105707,1262.5323,2010,3,83.89918222
67.6,26.8,2,196,806.9225,18.13237057,20.36274519,15.46091305,556.7908009,2010,3,134.675887
67.6,28.3,1,95,747.94,10.22059673,16.53897492,11.92890966,475.7394808,2010,4,62.2004922
67.6,29.2,1,21,738.665,2.83154565,6.306271375,5.585521426,906.5429297,2010,4,9.674336037
67.7,23.5,1,38,828.2,8.831747057,16.7925049,12.09986454,398.7730255,2010,3,54.38304626
67.7,24,1,39,815.3325,13.13012919,12.37537179,9.262648198,1091.597689,2010,3,65.12114701
67.7,24.5,2,178,805.02,13.46494809,15.01532671,11.72041455,760.4054652,2010,2,78.67858955
67.7,25.4,1,94,813.555,15.10784169,12.30510242,9.212166607,1270.404659,2010,3,74.60496473
67.7,29.2,1,39,722.975,13.56920906,10.46488035,8.075848882,1577.597169,2010,4,60.47196176
67.7,25.9,1,117,799.4525,13.67063123,18.1052279,12.95195387,530.9953222,2010,4,89.05106284
67.7,25.9,4,102,799.4525,18,21.38461538,15.74148049,501.1638498,2010,3,126.4055908
67.7,26.4,2,288,795.36,17,28.78125,15.7389037,261.3001965,2010,2,116.4297822
67.7,28.2,1,55,745.88,7.173283217,15.03439866,10.96293635,404.0694092,2010,4,40.73960837
67.7,28.7,1,96,752.025,11.38659933,13.97936388,10.26603755,741.872612,2010,4,61.31112419
67.7,28.7,1,71,752.025,16.84821623,13.7858339,10.18074896,1128.750519,2010,4,90.12326334
67.9,24,1,41,804.1475,9.033992237,34.04311357,14.34242759,99.25017576,2010,3,61.70063345
67.9,24,1,48,804.1475,14.00619565,11.94493855,8.998671245,1249.863161,2010,3,67.89956739
67.9,29.2,1,127,721.615,19,26.425,15.95855538,346.4445451,2010,4,145.8730567
67.9,24.5,1,173,782.6375,18,24.85454545,16.61519664,370.997492,2010,3,143.9417703
67.9,24.5,1,169,782.6375,19,24.28888889,15.11713041,410.0609592,2010,3,139.7327289
67.9,25.4,1,83,807.735,21.14017197,13.67162909,10.1136508,1440.051751,2010,3,112.4832794
67.9,25.9,2,221,758.1775,15,27.15,15.69683788,259.0965975,2010,3,104.37506
67.9,28.7,1,337,746.0025,16,31.26666667,16.02365543,208.3852301,2010,3,121.6561156
67.9,25.9,2,201,758.1775,17,24.81666667,15.47755233,351.4569575,2010,3,119.6556387
67.9,26.4,2,181,767.395,13,26.225,17.65547909,240.6702877,2010,3,104.809382
67.9,26.4,2,186,767.395,11,19.98666667,13.10818417,350.6081965,2010,3,68.06386305
68.1,24.9,4,67,776.755,12.42111737,10.62119136,9.595196086,1401.923505,2010,3,57.39349418
68.1,25.4,1,88,751.405,12.23535615,18.70073461,13.35767425,445.4607049,2010,4,81.77483459
68.1,25.4,2,84,751.405,10.82898825,13.67057602,10.96837555,737.7757434,2010,3,60.01885139
68.1,26.4,1,43,832.0325,11.2626297,16.2332425,11.72067924,544.1759843,2010,4,67.55448051
68.1,26.8,1,42,757.3575,11.8943778,15.42457754,11.22031218,636.5394015,2010,3,68.84474096
68.1,26.8,1,83,757.3575,12.07590652,16.57562863,11.9783225,559.6156425,2010,4,73.74900317
68.1,25.4,1,96,751.405,10,26.3,16.5898825,184.0766159,2010,4,79.54610819
68.1,26.8,4,47,757.3575,7.753695302,10.6205169,9.588401553,875.2407723,2010,4,35.80406135
68.3,24.9,1,292,747.8825,9,25.67777778,11.82495216,173.7951913,2010,4,53.09474526
68.3,25.9,2,203,746.775,13,13.73636364,10.65767444,877.2228028,2010,3,69.78173937
68.3,26.3,1,237,748.515,14,20.76428571,11.5293468,413.4320704,2010,4,81.8611362
68.3,26.4,1,237,748.515,10,23.72,13.49086645,226.2980175,2010,3,66.55413777
68.3,26.8,1,107,733.8275,8,24.32,13.20448337,172.2157885,2010,5,52.16119747
68.3,26.8,2,243,733.8275,10,31.425,14.66608786,128.9316516,2010,3,61.2889373
68.3,27.8,1,247,732.9675,14,23.4625,13.30519031,323.8094978,2010,5,92.10550946
68.3,28.3,1,311,724.785,10,25.25714286,16.64364112,199.5913323,2010,4,80.00519982
